SALE TYPE,SOLD DATE,PROPERTY TYPE,ADDRESS,CITY,STATE OR PROVINCE,ZIP OR POSTAL CODE,PRICE,BEDS,BATHS,LOCATION,SQUARE FEET,LOT SIZE,YEAR BUILT,DAYS ON MARKET,$/SQUARE FEET,HOA/MONTH,STATUS,NEXT OPEN HOUSE START TIME,NEXT OPEN HOUSE END TIME,URL (SEE https://www.redfin.com/buy-a-home/comparative-market-analysis FOR INFO ON PRICING),SOURCE,MLS#,FAVORITE,INTERESTED,LATITUDE,LONGITUDE
"In accordance with local MLS rules, some MLS listings are not included in the download"
MLS Listing,,Single Family Residential,1380 Stanwix Ct,Columbus,OH,43223,365000,4,4.0,Columbus,1786,9583,1993,13,204,,Active,,,https://www.redfin.com/OH/Columbus/1380-Stanwix-Ct-43223/home/79708871,CBRMLS,226013015,N,Y,39.9275769,-83.0513606
MLS Listing,,Single Family Residential,6841 Riverside Glen Ct,Dublin,OH,43017,482000,4,2.5,Dublin,1856,15681,1994,22,260,,Active,,,https://www.redfin.com/OH/Dublin/6841-Riverside-Glen-Ct-43017/home/100777905,CBRMLS,226012189,N,Y,40.0937128,-83.0987655
MLS Listing,,Condo/Co-op,1190 N Grant Ave Unit A,Columbus,OH,43201,499900,3,3.5,Columbus,2000,871,2019,28,250,200,Active,,,https://www.redfin.com/OH/Columbus/1190-N-Grant-Ave-43201/unit-A/home/169640058,CBRMLS,226010487,N,Y,39.9877969,-82.9958729
MLS Listing,,Multi-Family (2-4 Unit),1230 Gilbert St #2,Columbus,OH,43206,240000,4,,MILLERS DESHLER,1568,3920,1930,64,153,,Active,,,https://www.redfin.com/OH/Columbus/1230-Gilbert-St-43206/unit-2/home/200741702,CBRMLS,226005936,N,Y,39.9393717,-82.9750329
MLS Listing,,Single Family Residential,5644 Linworth Rd,Columbus,OH,43235,482000,4,2.5,Indian Hills,2004,12196,1969,83,241,25,Active,,,https://www.redfin.com/OH/Columbus/5644-Linworth-Rd-43235/home/79577150,CBRMLS,226004191,N,Y,40.0803446,-83.0484102
MLS Listing,,Single Family Residential,1264 Shady Lane Rd,Columbus,OH,43227,249900,3,1.5,Columbus,1144,7405,1962,1,218,,Active,,,https://www.redfin.com/OH/Columbus/1264-Shady-Lane-Rd-43227/home/79557091,CBRMLS,226015940,N,Y,39.9495543,-82.8708163
MLS Listing,,Single Family Residential,848 Fairwood Ave,Columbus,OH,43205,199900,2,1.5,Bulens Fairwood PK,840,3920,1952,1,238,,Pre On-Market,,,https://www.redfin.com/OH/Columbus/848-Fairwood-Ave-43205/home/75590843,CBRMLS,226015936,N,Y,39.949775,-82.9532789
MLS Listing,,Single Family Residential,5668 Caledonia Dr,Westerville,OH,43081,389900,3,2.5,Village at Albany Crossing,1832,3484,2011,1,213,110,Active,,,https://www.redfin.com/OH/Westerville/5668-Caledonia-Dr-43081/home/100713715,CBRMLS,226015935,N,Y,40.0962109,-82.8535467
MLS Listing,,Single Family Residential,262 Lechner Ave,Columbus,OH,43223,187000,3,1.0,Columbus,804,5662,1930,1,233,,Pre On-Market,,,https://www.redfin.com/OH/Columbus/262-Lechner-Ave-43223/home/75655581,CBRMLS,226015934,N,Y,39.9505289,-83.0525551
MLS Listing,,Single Family Residential,4916 Black Sycamore Dr,Columbus,OH,43231,524900,3,3.5,MInerva Park,3200,6969,2017,1,164,,Pre On-Market,,,https://www.redfin.com/OH/Columbus/4916-Black-Sycamore-Dr-43231/home/113780818,CBRMLS,226015932,N,Y,40.075118,-82.9342945
MLS Listing,,Single Family Residential,2590 Medora Dr,Grove City,OH,43123,329900,4,2.0,LANGFORD MEADOWS,1727,4791,2002,1,191,,Pre On-Market,,,https://www.redfin.com/OH/Grove-City/2590-Medora-Dr-43123/home/79498429,CBRMLS,226015928,N,Y,39.9042947,-83.0327734
MLS Listing,,Single Family Residential,3583 Dresden St,Columbus,OH,43224,239500,3,1.5,Oakland Park,1478,5227,1956,1,162,,Active,,,https://www.redfin.com/OH/Columbus/3583-Dresden-St-43224/home/75629611,CBRMLS,226015925,N,Y,40.0402323,-82.9707545
MLS Listing,,Single Family Residential,7567 Dover Ridge Ct,Blacklick,OH,43004,390000,3,2.5,Blacklick,1744,7405,2000,1,224,13,Pre On-Market,,,https://www.redfin.com/OH/Blacklick/7567-Dover-Ridge-Ct-43004/home/79672444,CBRMLS,226015924,N,Y,39.9911522,-82.8058815
MLS Listing,,Single Family Residential,5183 Baker Ridge Dr,Columbus,OH,43228,289900,3,2.0,Columbus,1242,7405,2005,1,233,29,Active,,,https://www.redfin.com/OH/Columbus/5183-Baker-Ridge-Dr-43228/home/79659664,CBRMLS,226015920,N,Y,39.9464296,-83.1397518
MLS Listing,,Single Family Residential,1206 Eureka Blvd,Columbus,OH,43223,199999,3,1.0,Columbus,900,7840,1952,1,222,,Active,,,https://www.redfin.com/OH/Columbus/1206-Eureka-Blvd-43223/home/79567907,CBRMLS,226015918,N,Y,39.9303764,-83.0628391
MLS Listing,,Single Family Residential,768 Seymour Ave,Columbus,OH,43205,275000,3,2.5,Columbus,2288,4791,1922,1,120,,Active,,,https://www.redfin.com/OH/Columbus/768-Seymour-Ave-43205/home/75667955,CBRMLS,226015916,N,Y,39.9512753,-82.9547783
MLS Listing,,Condo/Co-op,1505 Sarin St,Columbus,OH,43240,359900,3,2.5,Village at Polaris Park,1584,,2003,1,227,108,Active,May-9-2026 11:00 AM,May-9-2026 01:00 PM,https://www.redfin.com/OH/Columbus/1505-Sarin-St-43240/home/70232658,CBRMLS,226015915,N,Y,40.1361746,-82.9764282
MLS Listing,,Single Family Residential,4467 Ellery Dr,Columbus,OH,43227,214900,3,1.0,Walnut Village,1307,7405,1959,1,164,,Active,,,https://www.redfin.com/OH/Columbus/4467-Ellery-Dr-43227/home/79598380,CBRMLS,226015913,N,Y,39.9380537,-82.8749757
MLS Listing,,Single Family Residential,943 S Chesterfield Rd,Columbus,OH,43209,299900,3,1.0,Thelma Place,1066,7405,1951,1,281,,Active,,,https://www.redfin.com/OH/Columbus/943-S-Chesterfield-Rd-43209/home/100739037,CBRMLS,226015910,N,Y,39.9510941,-82.9222006
MLS Listing,,Single Family Residential,5947 Ballydugan Dr,Galloway,OH,43119,400000,3,2.5,Summerlyn,2166,5662,2017,1,185,33,Active,,,https://www.redfin.com/OH/Galloway/5947-Ballydugan-Dr-43119/home/109571115,CBRMLS,226015908,N,Y,39.9468521,-83.1589971
MLS Listing,,Single Family Residential,5320 Woodglen Rd,Columbus,OH,43214,355000,3,2.0,"CLINTONVILLE, BEECHWOLD, TOWNE WOOD",1312,8276,1970,1,271,,Pre On-Market,,,https://www.redfin.com/OH/Columbus/5320-Woodglen-Rd-43214/home/79550057,CBRMLS,226015905,N,Y,40.0729434,-83.0060094
MLS Listing,,Single Family Residential,1470 London Dr,Columbus,OH,43221,749999,5,3.0,Upper Arlington,2598,16552,1961,1,289,,Active,May-8-2026 04:00 PM,May-8-2026 06:00 PM,https://www.redfin.com/OH/Columbus/1470-London-Dr-43221/home/79580551,CBRMLS,226015901,N,Y,40.0272654,-83.0535275
MLS Listing,,Single Family Residential,1231 Carolwood Ave,Columbus,OH,43227,224900,3,1.0,Beechwood,950,7405,1958,1,237,,Active,,,https://www.redfin.com/OH/Columbus/1231-Carolwood-Ave-43227/home/75661985,CBRMLS,226015707,N,Y,39.9481331,-82.8935014
MLS Listing,,Single Family Residential,2799 Brandon Rd,Columbus,OH,43221,635000,3,2.5,Brandon Heights - Upper Arlington,1608,7405,1952,1,395,,Active,May-17-2026 02:00 PM,May-17-2026 04:00 PM,https://www.redfin.com/OH/Columbus/2799-Brandon-Rd-43221/home/79573359,CBRMLS,226015897,N,Y,40.0140847,-83.0568674
MLS Listing,,Single Family Residential,5763 Stonepath Dr,Hilliard,OH,43026,350000,4,2.5,Edgewater,2132,6098,2004,1,164,24,Pre On-Market,,,https://www.redfin.com/OH/Hilliard/5763-Stonepath-Dr-43026/home/100706107,CBRMLS,226015893,N,Y,39.99082,-83.1626917
MLS Listing,,Single Family Residential,1130 Wilson Ave,Columbus,OH,43206,255000,3,1.5,Karns Park,1320,6969,1928,1,193,2250,Pre On-Market,,,https://www.redfin.com/OH/Columbus/1130-Wilson-Ave-43206/home/79655261,CBRMLS,226015886,N,Y,39.9423038,-82.9676336
MLS Listing,,Single Family Residential,2896 Chimney Point Dr,Columbus,OH,43231,269900,3,1.5,Brandywine Meadows,1320,9583,1983,1,204,,Active,,,https://www.redfin.com/OH/Columbus/2896-Chimney-Point-Dr-43231/home/75720558,CBRMLS,226015880,N,Y,40.0674545,-82.9418582
MLS Listing,,Condo/Co-op,5324 Stonemeadow Ave Unit A,Columbus,OH,43220,194900,2,1.5,GREYSTONE MANOR,938,,1988,1,208,230,Active,,,https://www.redfin.com/OH/Columbus/5324-Stonemeadow-Ave-43220/unit-A/home/201741694,CBRMLS,226015869,N,Y,40.0633657,-83.0906033
MLS Listing,,Single Family Residential,2781 Pontiac St,Columbus,OH,43211,224900,4,2.0,Columbus,1076,4356,1948,1,209,,Active,,,https://www.redfin.com/OH/Columbus/2781-Pontiac-St-43211/home/79633496,CBRMLS,226015862,N,Y,40.0218586,-82.9886199
MLS Listing,,Single Family Residential,1041 Oregon Ave,Columbus,OH,43201,460000,2,2.0,Harrison West,1182,2178,1900,1,389,,Active,,,https://www.redfin.com/OH/Columbus/1041-Oregon-Ave-43201/home/79540491,CBRMLS,226015852,N,Y,39.9820667,-83.0181705
MLS Listing,,Condo/Co-op,5211 Highpointe Lakes Dr #103,Westerville,OH,43081,449900,2,2.0,HighPointe Residences at Little Turtle,1814,2613,2021,1,248,351,Active,,,https://www.redfin.com/OH/Westerville/5211-Highpointe-Lakes-Dr-43081/unit-103/home/190284823,CBRMLS,226015851,N,Y,40.0845781,-82.8745835
MLS Listing,,Single Family Residential,512 N Grener Ave,Columbus,OH,43228,314900,2,1.0,Garden Heights,1196,22215,1945,1,263,,Pre On-Market,,,https://www.redfin.com/OH/Columbus/512-N-Grener-Ave-43228/home/79534836,CBRMLS,226015848,N,Y,39.9630492,-83.121904
MLS Listing,,Condo/Co-op,17 W 3rd Ave #211,Columbus,OH,43201,475000,1,1.5,The DeSoto,1582,10018,1932,1,300,364,Active,,,https://www.redfin.com/OH/Columbus/17-W-3rd-Ave-43201/unit-211/home/172078876,CBRMLS,226015846,N,Y,39.9838808,-83.0055765
MLS Listing,,Condo/Co-op,922 Chatham Ln Unit B,Columbus,OH,43221,339000,3,2.0,Chatham Village,1676,871,1969,1,202,368,Active,,,https://www.redfin.com/OH/Columbus/922-Chatham-Ln-43221/unit-B/home/75634458,CBRMLS,226015845,N,Y,40.0201164,-83.0371733
MLS Listing,,Single Family Residential,2989 Wolfbirch Dr,Columbus,OH,43231,410000,3,2.0,MINERVA PARK,1544,6534,2020,1,266,,Active,,,https://www.redfin.com/OH/Columbus/2989-Wolfbirch-Dr-43231/home/201740932,CBRMLS,226015844,N,Y,40.0728789,-82.9393138
MLS Listing,,Condo/Co-op,6729 Meadow Creek Drive Dr #102,Columbus,OH,43235,216500,2,2.0,Dublin Green,1093,1742,1996,1,198,418,Active,May-10-2026 01:00 PM,May-10-2026 03:00 PM,https://www.redfin.com/OH/Columbus/6729-Meadow-Creek-Dr-43235/unit-102/home/79654806,CBRMLS,226015841,N,Y,40.0933781,-83.0793968
MLS Listing,,Condo/Co-op,7406 Cimmaron Station Rd,Columbus,OH,43235,219900,2,1.5,Cimmaron Station,1324,435,1984,1,166,100,Active,,,https://www.redfin.com/OH/Columbus/7406-Cimmaron-Sta-43235/home/79531867,CBRMLS,226015842,N,Y,40.1068894,-83.0856823
MLS Listing,,Single Family Residential,1448 Manchester Ave,Columbus,OH,43211,175000,3,1.0,Columbus,1014,4356,1943,1,173,,Pre On-Market,,,https://www.redfin.com/OH/Columbus/1448-Manchester-Ave-43211/home/79508500,CBRMLS,226015835,N,Y,40.0223266,-82.972766
MLS Listing,,Single Family Residential,5646 Westbriar Dr,Hilliard,OH,43026,549900,4,2.5,Westbriar,3052,8712,1994,1,180,,Active,,,https://www.redfin.com/OH/Hilliard/5646-Wesbriar-Dr-43026/home/79650354,CBRMLS,226015833,N,Y,40.0147638,-83.1644604
MLS Listing,,Single Family Residential,1087 Acton Rd,Columbus,OH,43224,229900,2,2.0,Columbus,1256,9583,1952,1,183,,Active,,,https://www.redfin.com/OH/Columbus/1087-Acton-Rd-43224/home/75676815,CBRMLS,226015830,N,Y,40.0398315,-82.9864173
MLS Listing,,Single Family Residential,367 Effington Ln,Columbus,OH,43207,300000,3,2.5,Columbus,1668,5227,1996,1,180,,Pre On-Market,,,https://www.redfin.com/OH/Columbus/367-Effington-Ln-43207/home/79676655,CBRMLS,226015825,N,Y,39.8849926,-82.9889894
MLS Listing,,Single Family Residential,2405 S 6th St,Columbus,OH,43207,50000,2,2.0,Columbus,958,2613,1900,1,52,,Active,,,https://www.redfin.com/OH/Columbus/2405-S-6th-St-43207/home/79517856,CBRMLS,226015824,N,Y,39.9128195,-82.9899063
MLS Listing,,Single Family Residential,2407 S 6th St,Columbus,OH,43207,120000,2,1.0,Columbus,958,2613,1900,1,125,,Active,,,https://www.redfin.com/OH/Columbus/2407-S-6th-St-43207/home/79524746,CBRMLS,226015823,N,Y,39.912778,-82.9899069
MLS Listing,,Single Family Residential,47 Wisconsin Ave,Columbus,OH,43222,299900,3,2.5,Franklinton,1494,4791,1890,1,201,,Pre On-Market,,,https://www.redfin.com/OH/Columbus/47-Wisconsin-Ave-43222/home/79531898,CBRMLS,226015819,N,Y,39.9593539,-83.0333281
MLS Listing,,Condo/Co-op,1842 Bashan Dr Unit 75F,Columbus,OH,43228,180000,2,1.5,Alkire Park,1280,435,2001,1,141,275,Active,,,https://www.redfin.com/OH/Columbus/1842-Bashan-Dr-43228/unit-75F/home/79608759,CBRMLS,226015816,N,Y,39.9145149,-83.1131693
MLS Listing,,Single Family Residential,2440 Quarry Trails Dr,Columbus,OH,43228,1147000,3,3.5,"Quarry Trails, Quarry Trails Metro Park, Hilliard",3235,,2026,1,355,101,Active,,,https://www.redfin.com/OH/Columbus/2440-Quarry-Trails-Dr-43228/home/201738819,CBRMLS,226015811,N,Y,40.0020825,-83.0889156
MLS Listing,,Single Family Residential,1492 Pine Wild Dr,Columbus,OH,43223,329900,3,2.5,Seneca Pines,1918,12632,1999,1,172,,Pre On-Market,,,https://www.redfin.com/OH/Columbus/1492-Pine-Wild-Dr-43223/home/100775586,CBRMLS,226015806,N,Y,39.9236792,-83.0449149
MLS Listing,,Condo/Co-op,4963 Ivyvine Blvd,Dublin,OH,43016,277900,2,2.0,The Vinings,1255,,2003,1,221,307,Pre On-Market,,,https://www.redfin.com/OH/Dublin/4963-Ivyvine-Blvd-43016/home/75651543,CBRMLS,226015805,N,Y,40.0666655,-83.1515487
MLS Listing,,Single Family Residential,4954 Thornhill Ln,Dublin,OH,43017,899900,4,3.0,Hayden Farms,2882,43560,1958,1,312,,Pre On-Market,,,https://www.redfin.com/OH/Dublin/4954-Thornhill-Ln-43017/home/79621883,CBRMLS,226015803,N,Y,40.0685835,-83.1106553
MLS Listing,,Condo/Co-op,4119 Karl Rd #207,Columbus,OH,43224,89500,2,2.0,Northland Senior Village,966,,1983,1,93,215,Active,,,https://www.redfin.com/OH/Columbus/4119-Karl-Rd-43224/unit-207/home/100747822,CBRMLS,226015802,N,Y,40.052193,-82.979636
MLS Listing,,Single Family Residential,2488 Mcguffey Rd,Columbus,OH,43211,199900,3,1.5,Columbus,1061,5662,1942,1,188,,Active,,,https://www.redfin.com/OH/Columbus/2488-McGuffey-Rd-43211/home/79725449,CBRMLS,226015799,N,Y,40.0164754,-82.9811953
MLS Listing,,Condo/Co-op,5585 Mesa Falls St #15,Dublin,OH,43016,284000,2,2.5,The Falls at Hayden Run,1288,435,2006,1,220,310,Active,,,https://www.redfin.com/OH/Dublin/5585-Mesa-Falls-St-43016/unit-15/home/75718709,CBRMLS,226015795,N,Y,40.0571727,-83.1709087
MLS Listing,,Condo/Co-op,7684 Whitneyway Dr #18,Columbus,OH,43085,299900,3,2.0,Worthington Heights,1442,871,1986,1,208,185,Pre On-Market,,,https://www.redfin.com/OH/Columbus/7684-Whitneyway-Dr-43085/unit-18/home/79493491,CBRMLS,226015790,N,Y,40.1223984,-82.9915732
MLS Listing,,Single Family Residential,211 E Jenkins Ave,Columbus,OH,43207,355000,3,1.5,Columbus,1260,5227,1939,1,282,,Active,,,https://www.redfin.com/OH/Columbus/211-E-Jenkins-Ave-43207/home/79695490,CBRMLS,226015786,N,Y,39.9330664,-82.9901969
MLS Listing,,Single Family Residential,3001 Cooper Bluff Dr,Columbus,OH,43231,149999,2,1.5,Cooper Bluff,1240,435,1980,1,121,382,Pre On-Market,May-10-2026 11:00 AM,May-10-2026 01:00 PM,https://www.redfin.com/OH/Columbus/3001-Cooper-Bluff-Dr-43231/home/79515525,CBRMLS,226015785,N,Y,40.09333,-82.937593
MLS Listing,,Single Family Residential,1920 Mccoy Rd,Columbus,OH,43220,675000,4,2.5,UPPER ARLINGTON,2679,14374,1966,1,252,,Pre On-Market,May-9-2026 12:00 PM,May-9-2026 02:00 PM,https://www.redfin.com/OH/Columbus/1920-McCoy-Rd-43220/home/75607328,CBRMLS,226015781,N,Y,40.0409441,-83.068771
MLS Listing,,Single Family Residential,2431 Wyncourtney Ct,Powell,OH,43065,475000,3,2.5,Summit View Woods,1898,8276,1990,1,250,,Pre On-Market,,,https://www.redfin.com/OH/Powell/2431-Wyncourtney-Ct-43065/home/79535574,CBRMLS,226015780,N,Y,40.1383254,-83.0818523
MLS Listing,,Single Family Residential,1199 Riva Ridge Blvd,Columbus,OH,43230,589900,5,3.5,Saratoga Estates,2900,13503,1992,1,203,,Active,,,https://www.redfin.com/OH/Columbus/1199-Riva-Ridge-Blvd-43230/home/79681850,CBRMLS,226015779,N,Y,40.0491691,-82.8529118
MLS Listing,,Single Family Residential,6097 Karl Rd,Columbus,OH,43229,285000,3,1.5,Columbus,1520,6969,1964,1,188,,Active,,,https://www.redfin.com/OH/Columbus/6097-Karl-Rd-43229/home/79514681,CBRMLS,226015778,N,Y,40.0917289,-82.9756422
MLS Listing,,Single Family Residential,6072 Nasby Dr,Galloway,OH,43119,299900,3,2.5,Halloway,1674,6098,2002,1,179,11,Active,,,https://www.redfin.com/OH/Galloway/6072-Nasby-Dr-43119/home/79696004,CBRMLS,226015776,N,Y,39.9285067,-83.158336
MLS Listing,,Single Family Residential,1993 Lehner Rd,Columbus,OH,43224,299000,5,3.5,"North Linden, Northern Lights, Morse and Cleveland, Hyde Park, Clinton Estates",2096,16988,1956,1,143,,Active,,,https://www.redfin.com/OH/Columbus/1993-Lehner-Rd-43224/home/79559335,CBRMLS,226015775,N,Y,40.052008,-82.9633942
MLS Listing,,Single Family Residential,351 Deerfield Rd,Columbus,OH,43228,259900,4,2.0,Columbus,1295,7405,1960,1,201,,Active,,,https://www.redfin.com/OH/Columbus/351-Deerfield-Rd-43228/home/79541748,CBRMLS,226015774,N,Y,39.9591945,-83.1376382
MLS Listing,,Townhouse,853 Thurman Ave,Columbus,OH,43206,4390000,20,,Columbus,,,1955,1,,,Active,,,https://www.redfin.com/OH/Columbus/853-Thurman-Ave-43206/home/193920019,CBRMLS,226015772,N,Y,39.9386089,-82.9729319
MLS Listing,,Single Family Residential,5056 Chipman Dr,Columbus,OH,43232,185000,4,1.5,Blacklick Estates,1573,6969,1966,1,118,,Pre On-Market,,,https://www.redfin.com/OH/Columbus/5056-Chipman-Dr-43232/home/79619897,CBRMLS,226015770,N,Y,39.8989317,-82.869292
MLS Listing,,Single Family Residential,2635 Westrock Dr,Hilliard,OH,43026,364900,3,1.5,Hilliard,1248,7405,1996,1,292,6,Active,,,https://www.redfin.com/OH/Hilliard/2635-Westrock-Dr-43026/home/79593141,CBRMLS,226015767,N,Y,40.0045967,-83.1742787
MLS Listing,,Single Family Residential,4098 Asbury Ridge Dr,Columbus,OH,43230,424900,3,2.5,ASBURY RIDGE,2348,6534,2001,1,181,10,Pre On-Market,May-9-2026 11:00 AM,May-9-2026 01:00 PM,https://www.redfin.com/OH/Columbus/4098-Asbury-Ridge-Dr-43230/home/79638728,CBRMLS,226015764,N,Y,40.0620013,-82.8690966
MLS Listing,,Single Family Residential,8967 Holquest Dr,Lewis Center,OH,43035,415000,3,1.5,Wynstone,1960,6969,1996,1,212,15,Active,May-9-2026 12:00 PM,May-9-2026 02:00 PM,https://www.redfin.com/OH/Lewis-Center/8967-Holquest-Dr-43035/home/70261017,CBRMLS,226015762,N,Y,40.1482085,-83.0047088
MLS Listing,,Single Family Residential,2879 Blarefield Dr,Columbus,OH,43231,269900,3,2.0,Brandywine Meadows,1520,8276,1983,1,178,,Active,,,https://www.redfin.com/OH/Columbus/2879-Blarefield-Dr-43231/home/79667160,CBRMLS,226015757,N,Y,40.0680899,-82.9423075
MLS Listing,,Single Family Residential,4432 Village Park Dr,Columbus,OH,43228,340000,3,3.5,Big Run Village,2972,9147,1992,1,114,,Active,May-9-2026 12:00 PM,May-9-2026 02:00 PM,https://www.redfin.com/OH/Columbus/4432-Village-Park-Dr-43228/home/79598850,CBRMLS,226015756,N,Y,39.9251002,-83.1129285
MLS Listing,,Single Family Residential,3840 Gilroy Rd,Columbus,OH,43227,230000,3,1.5,Columbus,1252,6969,1958,1,184,,Active,,,https://www.redfin.com/OH/Columbus/3840-Gilroy-Rd-43227/home/75681290,CBRMLS,226015753,N,Y,39.9382331,-82.8915689
MLS Listing,,Single Family Residential,6233 E Walnut St,Westerville,OH,43081,599000,4,2.5,Westerville,2142,128066,1972,1,280,,Active,,,https://www.redfin.com/OH/Westerville/6233-E-Walnut-St-43081/home/75709400,CBRMLS,226015750,N,Y,40.112563,-82.820567
MLS Listing,,Single Family Residential,3391 Mautino Dr,Columbus,OH,43231,340000,3,2.5,Westerville Woods,1312,5662,1995,1,259,,Active,,,https://www.redfin.com/OH/Columbus/3391-Mautino-Dr-43231/home/79610517,CBRMLS,226015749,N,Y,40.0664332,-82.9286639
MLS Listing,,Single Family Residential,689 Wesfall Ct,Columbus,OH,43228,285000,4,2.0,Cherry Creek,1359,23086,1990,1,210,,Active,,,https://www.redfin.com/OH/Columbus/689-Wesfall-Ct-43228/home/79587810,CBRMLS,226015748,N,Y,39.9363367,-83.1402559
MLS Listing,,Condo/Co-op,5152 Pyramid Falls Dr,Dublin,OH,43016,399900,3,2.5,Falls at Hayden Run,1920,6534,2006,1,208,116,Pre On-Market,May-9-2026 12:00 PM,May-9-2026 02:00 PM,https://www.redfin.com/OH/Dublin/5152-Pyramid-Falls-Dr-43016/home/79699955,CBRMLS,226015745,N,Y,40.0568171,-83.1676126
MLS Listing,,Multi-Family (2-4 Unit),1109-1111 Franklin Ave,Columbus,OH,43205,399000,2,,Columbus,3081,2613,1893,1,130,,Active,,,https://www.redfin.com/OH/Columbus/1109-1111-Franklin-Ave-43205/home/201735173,CBRMLS,226015744,N,Y,39.9616096,-82.9703864
MLS Listing,,Single Family Residential,9053 Longstone Dr,Lewis Center,OH,43035,419900,3,2.5,Wynstone,1673,7840,1997,1,251,,Active,May-9-2026 11:00 AM,May-9-2026 01:00 PM,https://www.redfin.com/OH/Lewis-Center/9053-Longstone-Dr-43035/home/70260932,CBRMLS,226015741,N,Y,40.1496719,-83.0021371
MLS Listing,,Condo/Co-op,1207 Lake Shore Dr #239,Columbus,OH,43204,384900,3,2.0,Hidden Lake,1680,871,1974,1,229,775,Active,,,https://www.redfin.com/OH/Columbus/1207-Lake-Shore-Dr-43204/unit-239/home/100747688,CBRMLS,226015738,N,Y,39.9854331,-83.0688709
MLS Listing,,Single Family Residential,7971 Stonehurst Dr,Dublin,OH,43016,540000,4,2.5,Olde Sawmill,2808,13068,1977,1,192,,Active,,,https://www.redfin.com/OH/Dublin/7971-Stonehurst-Dr-43016/home/79554096,CBRMLS,226015736,N,Y,40.1291778,-83.081135
MLS Listing,,Single Family Residential,114 Highmeadow Dr,Columbus,OH,43230,479900,4,3.5,Cherry Bottom,3406,10890,1990,1,141,,Active,,,https://www.redfin.com/OH/Columbus/114-Highmeadow-Dr-43230/home/79676043,CBRMLS,226015732,N,Y,40.0530884,-82.8749947
MLS Listing,,Single Family Residential,6028 Darby Ln,Columbus,OH,43229,319000,3,2.0,Sharon Woods,1624,10018,1968,1,196,,Active,,,https://www.redfin.com/OH/Columbus/6028-Darby-Ln-43229/home/75600632,CBRMLS,226015730,N,Y,40.0903663,-82.9741279
MLS Listing,,Single Family Residential,8510 Amarillo Dr,Blacklick,OH,43004,307000,3,2.0,WOODS AT JEFFERSON,1108,8276,1999,1,277,6,Active,May-8-2026 04:00 PM,May-8-2026 06:00 PM,https://www.redfin.com/OH/Blacklick/8510-Amarillo-Dr-43004/home/79672268,CBRMLS,226015729,N,Y,39.9979746,-82.7773791
MLS Listing,,Single Family Residential,710 Colton Rd,Columbus,OH,43207,200000,3,2.0,Columbus,1590,17424,1955,1,126,,Active,May-8-2026 04:00 PM,May-8-2026 06:00 PM,https://www.redfin.com/OH/Columbus/710-Colton-Rd-43207/home/75666540,CBRMLS,226015727,N,Y,39.892345,-82.9781982
MLS Listing,,Single Family Residential,5933 Kilbeggan St,Galloway,OH,43119,410000,3,3.5,Summerlyn,2694,5662,2016,1,152,33,Active,May-9-2026 10:00 AM,May-9-2026 12:00 PM,https://www.redfin.com/OH/Galloway/5933-Kilbeggan-St-43119/home/201720827,CBRMLS,226015627,N,Y,39.9460706,-83.1586789
MLS Listing,,Single Family Residential,2550 East Ave,Columbus,OH,43202,355000,4,2.0,KINNEAR,1542,7840,1915,1,230,,Active,May-9-2026 10:00 AM,May-9-2026 12:00 PM,https://www.redfin.com/OH/Columbus/2550-East-Ave-43202/home/79486119,CBRMLS,226012959,N,Y,40.0144516,-83.0095939
MLS Listing,,Condo/Co-op,3600 Reed Rd #18,Columbus,OH,43220,299900,2,2.5,Normandy Square,1416,871,1967,1,212,482,Active,,,https://www.redfin.com/OH/Columbus/3600-Reed-Rd-43220/unit-18/home/79725411,CBRMLS,226015514,N,Y,40.030311,-83.06452
MLS Listing,,Single Family Residential,4500 Dublin,Columbus,OH,43221,1399000,3,3.5,4500 Dublin,5026,50094,2018,1,278,83,Active,May-17-2026 01:00 PM,May-17-2026 04:00 PM,https://www.redfin.com/OH/Columbus/4500-Dublin-Rd-43221/home/100766470,CBRMLS,226014968,N,Y,40.0555214,-83.1008796
MLS Listing,,Single Family Residential,629 Reindeer Ln,Columbus,OH,43230,550000,4,2.5,Deer Run,3329,12196,1994,1,165,,Active,May-9-2026 02:00 PM,May-9-2026 04:00 PM,https://www.redfin.com/OH/Columbus/629-Reindeer-Ln-43230/home/79692939,CBRMLS,226015243,N,Y,40.0334844,-82.8519623
MLS Listing,,Single Family Residential,2983 Castlebrook Ave,Hilliard,OH,43026,269900,3,2.5,CROSS CREEK,1842,7405,1990,1,147,,Active,,,https://www.redfin.com/OH/Hilliard/2983-Castlebrook-Ave-43026/home/79555048,CBRMLS,226015175,N,Y,40.0127008,-83.147497
MLS Listing,,Single Family Residential,4466 Olentangy Blvd,Columbus,OH,43214,630000,3,2.0,Clintonville,1642,8712,1936,1,384,,Active,May-9-2026 01:00 PM,May-9-2026 03:00 PM,https://www.redfin.com/OH/Columbus/4466-Olentangy-Blvd-43214/home/75678180,CBRMLS,226015505,N,Y,40.0522822,-83.0275677
MLS Listing,,Single Family Residential,2645 Blue Rock Blvd,Grove City,OH,43123,299900,3,2.0,Grove City,1484,9147,1975,1,202,,Active,,,https://www.redfin.com/OH/Grove-City/2645-Blue-Rock-Blvd-43123/home/79495354,CBRMLS,226015615,N,Y,39.9095296,-83.0658602
MLS Listing,,Single Family Residential,2350 Zollinger Rd,Columbus,OH,43221,949000,5,4.5,Upper Arlington,3650,9147,1994,1,260,,Active,May-9-2026 01:00 PM,May-9-2026 03:00 PM,https://www.redfin.com/OH/Columbus/2350-Zollinger-Rd-43221/home/75607607,CBRMLS,226014863,N,Y,40.0198071,-83.0756816
MLS Listing,,Single Family Residential,316 Weydon Rd,Worthington,OH,43085,585000,3,2.5,WORTHINGWAY,2780,13068,1966,1,210,,Active,,,https://www.redfin.com/OH/Worthington/316-Weydon-Rd-43085/home/79554692,CBRMLS,226015413,N,Y,40.0962973,-83.0261594
MLS Listing,,Condo/Co-op,78 E Chestnut St #304,Columbus,OH,43215,315000,2,2.0,City View at 3rd,1426,1306,1910,1,221,1032,Active,,,https://www.redfin.com/OH/Columbus/78-E-Chestnut-St-43215/unit-304/home/79480109,CBRMLS,226014632,N,Y,39.9682,-82.9992899
MLS Listing,,Single Family Residential,974 Esther Dr,Columbus,OH,43207,260000,3,1.5,Town Green,1538,5662,1994,1,169,,Active,,,https://www.redfin.com/OH/Columbus/974-Esther-Dr-43207/home/75614198,CBRMLS,226014120,N,Y,39.8852886,-82.9724209
MLS Listing,,Single Family Residential,209 S Ogden Ave,Columbus,OH,43204,229900,3,2.0,Columbus,1420,3049,1920,1,162,,Active,May-9-2026 12:00 PM,May-9-2026 02:00 PM,https://www.redfin.com/OH/Columbus/209-S-Ogden-Ave-43204/home/79517520,CBRMLS,226015475,N,Y,39.9506731,-83.0705001
MLS Listing,,Single Family Residential,370 Longfellow Ave,Worthington,OH,43085,509900,4,2.0,Worthingway,1679,12632,1964,1,304,,Active,,,https://www.redfin.com/OH/Worthington/370-Longfellow-Ave-43085/home/79690772,CBRMLS,226014577,N,Y,40.0978428,-83.0277064
MLS Listing,,Single Family Residential,7579 Maple Trunk Dr,Canal Winchester,OH,43110,269900,3,2.0,Canal Winchester,1234,9583,2015,1,219,26,Active,,,https://www.redfin.com/OH/Canal-Winchester/7579-Maple-Trunk-Dr-43110/home/75708640,CBRMLS,226015134,N,Y,39.9034062,-82.8028198
MLS Listing,,Single Family Residential,2625 Powell Ave,Columbus,OH,43209,965000,5,4.5,Columbus,2751,6098,1933,1,351,,Active,,,https://www.redfin.com/OH/Columbus/2625-Powell-Ave-43209/home/79512666,CBRMLS,226015587,N,Y,39.9661767,-82.9302012
MLS Listing,,Condo/Co-op,301 Fenway Rd Unit E,Columbus,OH,43214,165000,2,1.0,Fenway Pines,952,871,1965,1,173,309,Active,,,https://www.redfin.com/OH/Columbus/301-Fenway-Rd-43214/unit-E/home/75702219,CBRMLS,226015347,N,Y,40.067973,-83.0274622
MLS Listing,,Single Family Residential,508 Chatham Rd,Columbus,OH,43214,414900,3,2.0,Clintonville,1513,6534,1950,1,274,,Active,May-9-2026 12:00 PM,May-9-2026 02:00 PM,https://www.redfin.com/OH/Columbus/508-Chatham-Rd-43214/home/79628265,CBRMLS,226015240,N,Y,40.0416057,-83.0044558
MLS Listing,,Condo/Co-op,7884 Barkwood Dr Unit 20C,Worthington,OH,43085,199900,2,1.0,Worthington Park,1016,435,1987,1,197,220,Active,,,https://www.redfin.com/OH/Worthington/7884-Barkwood-Dr-43085/unit-20C/home/100780583,CBRMLS,226014785,N,Y,40.1258652,-82.9953722
MLS Listing,,Single Family Residential,1354 Cardwell Sq N,Columbus,OH,43229,349900,4,2.5,Devonshire,1836,6969,1965,1,191,,Active,,,https://www.redfin.com/OH/Columbus/1354-Cardwell-Sq-N-43229/home/75600348,CBRMLS,226015641,N,Y,40.0991189,-82.9802658
MLS Listing,,Single Family Residential,581 S 6th St,Columbus,OH,43206,649000,2,3.0,GERMAN VILLAGE,1664,4791,1900,1,390,,Active,May-8-2026 05:00 PM,May-8-2026 07:00 PM,https://www.redfin.com/OH/Columbus/581-S-6th-St-43206/home/79762681,CBRMLS,226015168,N,Y,39.9510312,-82.9911352
MLS Listing,,Single Family Residential,3314 Dresden St,Columbus,OH,43224,202000,4,2.0,Columbus,1160,5227,1954,1,174,,Active,,,https://www.redfin.com/OH/Columbus/3314-Dresden-St-43224/home/79551975,CBRMLS,226015384,N,Y,40.0346294,-82.9702423
MLS Listing,,Condo/Co-op,7759 Sharlene Dr,Dublin,OH,43016,233000,2,2.5,Dublin,1652,435,1978,1,141,392,Active,May-9-2026 01:00 PM,May-9-2026 03:00 PM,https://www.redfin.com/OH/Dublin/7759-Sharlene-Dr-43016/home/100713699,CBRMLS,226015544,N,Y,40.125035,-83.0888961
MLS Listing,,Single Family Residential,1349 Redwood Ct,Columbus,OH,43229,424000,4,2.5,Forest Park West,2775,13939,1962,1,153,,Active,,,https://www.redfin.com/OH/Columbus/1349-Redwood-Ct-43229/home/100743184,CBRMLS,226014138,N,Y,40.0749477,-82.9820741
MLS Listing,,Condo/Co-op,7235 Colonial Affair Dr #12,New Albany,OH,43054,304900,2,2.5,Hamptons at New Albany Park,1580,,2004,1,193,321,Active,,,https://www.redfin.com/OH/New-Albany/7235-Colonial-Affair-Dr-43054/unit-12/home/100711720,CBRMLS,226015412,N,Y,40.1076612,-82.8231283
MLS Listing,,Condo/Co-op,"1392 N Summit St Unit Units A, B, C & D",Columbus,OH,43201,595900,8,,Columbus,2724,4791,1973,1,219,,Active,,,https://www.redfin.com/OH/Columbus/1392-Summit-St-43201/unit-Units-A-B-C-D/home/201690780,CBRMLS,226015186,N,Y,39.9912931,-83.0014644
MLS Listing,,Single Family Residential,1661 Green Friar Dr,Columbus,OH,43228,304900,3,1.5,NOTTINGHAM,1926,6098,1993,1,158,,Active,May-9-2026 11:00 AM,May-9-2026 01:00 PM,https://www.redfin.com/OH/Columbus/1661-Green-Friar-Dr-43228/home/75616363,CBRMLS,226014546,N,Y,39.9204199,-83.1004201
MLS Listing,,Single Family Residential,3006 Sussex Place Dr,Grove City,OH,43123,285000,3,2.5,Sussex Place,1380,7405,2009,1,207,16,Active,May-9-2026 12:00 PM,May-9-2026 02:00 PM,https://www.redfin.com/OH/Grove-City/3006-Sussex-Place-Dr-43123/home/79489947,CBRMLS,226015434,N,Y,39.8962448,-83.0361652
MLS Listing,,Single Family Residential,3131 Redding Rd,Columbus,OH,43221,529900,3,2.0,Tremont Place,2277,9583,1951,1,233,,Active,,,https://www.redfin.com/OH/Columbus/3131-Redding-Rd-43221/home/79551599,CBRMLS,226015415,N,Y,40.0196495,-83.0699929
MLS Listing,,Condo/Co-op,8224 Laramie Pl #3,Powell,OH,43065,239900,2,1.5,Powell,1316,435,1980,1,182,305,Active,,,https://www.redfin.com/OH/Powell/8224-Laramie-Pl-43065/unit-3/home/100779642,CBRMLS,226015358,N,Y,40.1247959,-83.0677414
MLS Listing,,Single Family Residential,1903 Alvason Ave,Columbus,OH,43219,189900,3,1.0,Argyle Park,945,6534,1964,1,201,,Active,May-9-2026 02:00 PM,May-9-2026 04:00 PM,https://www.redfin.com/OH/Columbus/1903-Alvason-Ave-43219/home/79563951,CBRMLS,226015167,N,Y,40.0038637,-82.9573002
MLS Listing,,Single Family Residential,2642 Clifton Rd,Columbus,OH,43221,1595000,5,4.5,Canterbury,4331,12196,1954,1,368,,Active,,,https://www.redfin.com/OH/Columbus/2642-Clifton-Rd-43221/home/75699665,CBRMLS,226014025,N,Y,40.0182363,-83.0833486
MLS Listing,,Single Family Residential,1935 Greenway Ave S,Columbus,OH,43219,389900,3,2.0,Eastgate,1655,4791,1920,1,236,,Active,,,https://www.redfin.com/OH/Columbus/1935-Greenway-Ave-S-43219/home/79560238,CBRMLS,226015483,N,Y,39.971314,-82.9498828
MLS Listing,,Single Family Residential,5115 Renmill Dr,Hilliard,OH,43026,428000,4,2.5,Westmill,2185,6534,1994,1,196,,Active,,,https://www.redfin.com/OH/Hilliard/5115-Renmill-Dr-43026/home/100772823,CBRMLS,226015724,N,Y,40.00417,-83.1450535
MLS Listing,,Single Family Residential,4903 Astoria Ave,Columbus,OH,43207,280000,3,2.0,Hamilton Meadows,1387,10454,1971,1,202,,Active,,,https://www.redfin.com/OH/Columbus/4903-Astoria-Ave-43207/home/75642821,CBRMLS,226015722,N,Y,39.8598595,-82.9808934
MLS Listing,,Single Family Residential,1992 Brown Rd,Grove City,OH,43123,275000,3,2.0,Grove City,1238,25264,1957,1,222,,Active,May-8-2026 06:00 PM,May-8-2026 07:00 PM,https://www.redfin.com/OH/Grove-City/1992-Brown-Rd-43123/home/75648667,CBRMLS,226013956,N,Y,39.9145901,-83.0350062
MLS Listing,,Single Family Residential,4640 Grandover Dr,Columbus,OH,43207,329000,5,2.5,WYNDHAM RIDGE,2312,7405,1995,1,142,,Pre On-Market,,,https://www.redfin.com/OH/Columbus/4640-Grandover-Dr-43207/home/79495394,CBRMLS,226015718,N,Y,39.8668822,-82.9931497
MLS Listing,,Condo/Co-op,6151 Sowerby Ln,Westerville,OH,43081,284900,2,2.0,Reserve at Preston Woods,1466,2178,2006,1,194,393,Active,,,https://www.redfin.com/OH/Westerville/6151-Sowerby-Ln-43081/home/100715396,CBRMLS,226015716,N,Y,40.09022,-82.853399
MLS Listing,,Single Family Residential,1971 Aberdeen Ave,Columbus,OH,43211,192500,3,1.0,Columbus,1070,4791,1910,1,180,,Active,,,https://www.redfin.com/OH/Columbus/1971-Aberdeen-Ave-43211/home/79501309,CBRMLS,226015715,N,Y,40.0205072,-82.9582485
MLS Listing,,Single Family Residential,4510 Broadhurst Dr,Columbus,OH,43213,250000,3,2.0,Columbus,1140,7840,1956,1,219,,Pre On-Market,May-9-2026 01:00 PM,May-9-2026 03:00 PM,https://www.redfin.com/OH/Columbus/4510-Broadhurst-Dr-43213/home/79738237,CBRMLS,226015711,N,Y,39.9681535,-82.8797781
MLS Listing,,Single Family Residential,5579 Coral Ct,Galloway,OH,43119,299999,4,2.5,Westwoods,1408,8276,1990,1,213,,Pre On-Market,May-9-2026 12:00 PM,May-9-2026 02:00 PM,https://www.redfin.com/OH/Galloway/5579-Coral-Ct-43119/home/79533250,CBRMLS,226015710,N,Y,39.9473132,-83.1463178
MLS Listing,,Condo/Co-op,1616 Holland Dr Unit 187C,Hilliard,OH,43026,225000,2,1.5,Hilliard Commons,1024,435,1997,1,220,271,Pre On-Market,May-9-2026 01:00 PM,May-9-2026 03:00 PM,https://www.redfin.com/OH/Hilliard/1616-Holland-Dr-43026/unit-187C/home/100773418,CBRMLS,226015709,N,Y,39.9828515,-83.1574933
MLS Listing,,Single Family Residential,5769 Privilege Dr,Hilliard,OH,43026,449900,4,2.5,Westbrooke,2140,5662,2003,1,210,,Pre On-Market,,,https://www.redfin.com/OH/Hilliard/5769-Privilege-Dr-43026/home/100786023,CBRMLS,226015706,N,Y,40.0174444,-83.1698906
MLS Listing,,Single Family Residential,3424 Omega Dr,Columbus,OH,43231,299900,3,2.5,Waltham Place,1726,7405,2002,1,174,,Pre On-Market,,,https://www.redfin.com/OH/Columbus/3424-Omega-Dr-43231/home/100784558,CBRMLS,226015703,N,Y,40.072201,-82.9325986
MLS Listing,,Single Family Residential,7235 Normanton Dr,New Albany,OH,43054,424900,3,2.5,Upper Albany,2053,3049,2003,1,207,63,Pre On-Market,May-9-2026 02:00 PM,May-9-2026 04:00 PM,https://www.redfin.com/OH/New-Albany/7235-Normanton-Dr-43054/home/75651477,CBRMLS,226015699,N,Y,40.1091939,-82.8224002
MLS Listing,,Single Family Residential,1250 Briarmeadow Dr,Columbus,OH,43235,650000,4,2.5,Worthington Hills,2270,15681,1974,1,286,,Active,,,https://www.redfin.com/OH/Columbus/1250-Briarmeadow-Dr-43235/home/75650091,CBRMLS,226015697,N,Y,40.1214458,-83.051032
MLS Listing,,Single Family Residential,925 Thayer Dr,Columbus,OH,43230,539900,5,3.5,Hunters Ridge,3400,13939,1996,1,159,,Pre On-Market,May-9-2026 12:00 PM,May-9-2026 02:00 PM,https://www.redfin.com/OH/Columbus/925-Thayer-Dr-43230/home/79731996,CBRMLS,226015696,N,Y,40.0150492,-82.8488634
MLS Listing,,Single Family Residential,1004 Featherstone Ct,Galloway,OH,43119,455000,3,3.5,Thornapple Grove,2697,10018,1995,1,169,,Pre On-Market,,,https://www.redfin.com/OH/Galloway/1004-Featherstone-Ct-43119/home/79507219,CBRMLS,226015695,N,Y,39.9716709,-83.1677422
MLS Listing,,Single Family Residential,901 W 11th Ave,Columbus,OH,43212,325000,3,1.0,University View,1341,6969,1942,1,242,,Pre On-Market,May-9-2026 02:00 PM,May-9-2026 04:00 PM,https://www.redfin.com/OH/Columbus/901-W-11th-Ave-43212/home/79594863,CBRMLS,226015693,N,Y,39.9966445,-83.031908
MLS Listing,,Single Family Residential,1091 Morning St,Worthington,OH,43085,558000,3,2.5,Wilson Hill,2741,12196,1957,1,204,,Pre On-Market,,,https://www.redfin.com/OH/Worthington/1091-Morning-St-43085/home/79582661,CBRMLS,226015694,N,Y,40.0949942,-83.0134788
MLS Listing,,Multi-Family (2-4 Unit),407 E 13th Ave #405,Columbus,OH,43201,439900,6,,Columbus,2811,6098,1900,1,156,,Active,,,https://www.redfin.com/OH/Columbus/407-E-13th-Ave-43201/unit-405/home/75673691,CBRMLS,226015692,N,Y,39.997147,-82.9963787
MLS Listing,,Single Family Residential,1684 Hollow Run Dr,Columbus,OH,43223,159900,3,1.0,Riverbend,1184,6098,1972,1,135,,Active,,,https://www.redfin.com/OH/Columbus/1684-Hollow-Run-Dr-43223/home/75615774,CBRMLS,226015687,N,Y,39.9197465,-83.0884975
MLS Listing,,Single Family Residential,4895 Derry Ct,Columbus,OH,43221,399900,3,3.0,Dexter Falls,1456,9583,1986,1,275,,Pre On-Market,May-9-2026 10:00 AM,May-9-2026 12:00 PM,https://www.redfin.com/OH/Columbus/4895-Derry-Ct-43221/home/79606458,CBRMLS,226015681,N,Y,40.0535578,-83.1141029
MLS Listing,,Single Family Residential,4556 Valleydale Way,Columbus,OH,43231,305000,3,1.5,Parkridge,1454,9583,1971,1,210,,Pre On-Market,,,https://www.redfin.com/OH/Columbus/4556-Valleydale-Way-43231/home/75697278,CBRMLS,226015679,N,Y,40.0651409,-82.9323375
MLS Listing,,Single Family Residential,197 W Henderson Rd,Columbus,OH,43214,505000,3,2.0,Clintonville,1568,7405,1938,1,322,,Pre On-Market,May-9-2026 12:00 PM,May-9-2026 02:00 PM,https://www.redfin.com/OH/Columbus/197-W-Henderson-Rd-43214/home/79556249,CBRMLS,226015678,N,Y,40.0514675,-83.0255884
MLS Listing,,Single Family Residential,4969 Comstock Dr,Columbus,OH,43232,284900,4,2.0,WALNUT BLUFF,1724,6969,1965,1,165,,Pre On-Market,,,https://www.redfin.com/OH/Columbus/4969-Comstock-Dr-43232/home/79553384,CBRMLS,226015677,N,Y,39.9275573,-82.8594024
MLS Listing,,Single Family Residential,3509 S 8th St,Columbus,OH,43207,170000,3,1.0,Russell Leach,1417,7405,1974,1,120,,Active,,,https://www.redfin.com/OH/Columbus/3509-S-8th-St-43207/home/75688920,CBRMLS,226015674,N,Y,39.8901004,-82.9895251
MLS Listing,,Multi-Family (2-4 Unit),3479-3481 Westpoint Dr,Columbus,OH,43232,299000,6,,Columbus,,,1986,1,,,Active,,,https://www.redfin.com/OH/Columbus/3481-Westpoint-Dr-43232/home/75602045,CBRMLS,226015673,N,Y,39.9186794,-82.903832
MLS Listing,,Single Family Residential,3304 Nathan Ct,Columbus,OH,43204,395000,4,2.5,Monterey,2157,12196,2003,1,183,,Pre On-Market,,,https://www.redfin.com/OH/Columbus/3304-Nathan-Ct-43204/home/79494287,CBRMLS,226015669,N,Y,39.9767897,-83.0930151
MLS Listing,,Condo/Co-op,2256 Perkins Ct Unit P,Columbus,OH,43229,119000,2,1.0,Columbus,784,435,1980,1,152,200,Active,,,https://www.redfin.com/OH/Columbus/2256-Perkins-Ct-43229/unit-P/home/79645746,CBRMLS,226015660,N,Y,40.0949905,-82.9571087
MLS Listing,,Multi-Family (2-4 Unit),3252-3254 Sullivant Ave,Columbus,OH,43204,180900,4,,Westgate Park,1848,5662,1954,1,98,,Active,,,https://www.redfin.com/OH/Columbus/3254-Sullivant-Ave-43204/home/79767831,CBRMLS,226015655,N,Y,39.9434025,-83.0855739
MLS Listing,,Condo/Co-op,6206 Needletail Rd #66,Columbus,OH,43230,310000,2,2.5,Preserve Crossing,1826,435,2008,1,170,345,Pre On-Market,May-9-2026 01:00 PM,May-9-2026 03:00 PM,https://www.redfin.com/OH/Columbus/6206-Needletail-Rd-43230/unit-66/home/75720021,CBRMLS,226015652,N,Y,40.0577733,-82.8522149
MLS Listing,,Single Family Residential,178 Belvidere Ave,Columbus,OH,43223,150000,2,1.0,Columbus,706,5227,1950,1,212,,Active,,,https://www.redfin.com/OH/Columbus/178-Belvidere-Ave-43223/home/75672588,CBRMLS,226015647,N,Y,39.9520872,-83.0547123
MLS Listing,,Single Family Residential,39 Clark Pl,Columbus,OH,43201,549000,3,2.0,Dennison Place / Victorian Village / Short North Area,2258,4356,1880,1,243,,Pre On-Market,May-8-2026 05:00 PM,May-8-2026 07:00 PM,https://www.redfin.com/OH/Columbus/39-Clark-Pl-43201/home/79640831,CBRMLS,226015643,N,Y,39.9889675,-83.0071208
MLS Listing,,Condo/Co-op,5602 Middle Falls St St #51,Dublin,OH,43016,275000,2,2.5,Falls at Hayden Run,1288,435,2007,1,214,310,Pre On-Market,May-9-2026 12:00 PM,May-9-2026 02:00 PM,https://www.redfin.com/OH/Dublin/5602-Middle-Falls-St-43016/unit-51/home/100718721,CBRMLS,226015640,N,Y,40.059653,-83.171448
MLS Listing,,Single Family Residential,1472 Picard Rd,Columbus,OH,43227,215000,3,1.0,Berwick Manor,1058,6534,1958,1,203,,Active,,,https://www.redfin.com/OH/Columbus/1472-Picard-Rd-43227/home/75596716,CBRMLS,226015637,N,Y,39.9421272,-82.9032325
MLS Listing,,Single Family Residential,311 Galloway Ridge Dr,Galloway,OH,43119,359900,3,2.5,Galloway Ridge,1745,8276,1999,1,206,7,Pre On-Market,May-9-2026 02:00 PM,May-9-2026 04:00 PM,https://www.redfin.com/OH/Galloway/311-Galloway-Ridge-Dr-43119/home/100781876,CBRMLS,226015617,N,Y,39.9563522,-83.156127
MLS Listing,,Condo/Co-op,312 Oxford Oak Dr,Blacklick,OH,43004,164900,1,1.5,Waggoner Park,1111,435,2002,1,148,175,Active,May-9-2026 01:00 PM,May-9-2026 03:00 PM,https://www.redfin.com/OH/Blacklick/312-Oxford-Oak-Dr-43004/home/79477340,CBRMLS,226015613,N,Y,39.9913417,-82.7796618
MLS Listing,,Single Family Residential,469 Miller Ave,Columbus,OH,43205,495000,2,1.5,Olde Towne East - South of Main,1895,25264,1900,1,261,,Pre On-Market,,,https://www.redfin.com/OH/Columbus/469-Miller-Ave-43205/home/79612200,CBRMLS,226015610,N,Y,39.9568838,-82.9609998
MLS Listing,,Single Family Residential,8778 Olenmead Dr,Lewis Center,OH,43035,360000,3,2.5,Village at Olentangy Meadows,1584,3049,2005,1,227,156,Pre On-Market,May-9-2026 12:00 PM,May-9-2026 02:00 PM,https://www.redfin.com/OH/Lewis-Center/8778-Olenmead-Dr-43035/home/70235129,CBRMLS,226015608,N,Y,40.143532,-83.0145858
MLS Listing,,Single Family Residential,5242 Bridwell Ln #10,Westerville,OH,43081,419000,3,3.0,"Glenabby, New Albany area, Westerville area",2326,2178,2006,1,180,347,Pre On-Market,,,https://www.redfin.com/OH/Westerville/5242-Bridwell-Ln-43081/unit-10/home/100716611,CBRMLS,226015604,N,Y,40.0887193,-82.8487947
MLS Listing,,Single Family Residential,5793 Empire Mills Run,Canal Winchester,OH,43110,375000,4,3.0,Lehman Estates,2006,13068,2003,1,187,9,Pre On-Market,May-9-2026 01:00 PM,May-9-2026 03:00 PM,https://www.redfin.com/OH/Canal-Winchester/5793-Empire-Mills-Run-43110/home/79634395,CBRMLS,226015599,N,Y,39.8623894,-82.8136632
MLS Listing,,Single Family Residential,1322 Oak St,Columbus,OH,43205,515000,4,2.5,Columbus,2362,4356,1890,1,218,,Active,,,https://www.redfin.com/OH/Columbus/1322-Oak-St-43205/home/100730413,CBRMLS,226015598,N,Y,39.9626963,-82.9647948
MLS Listing,,Single Family Residential,1074 S James Rd,Columbus,OH,43227,209500,4,1.0,Columbus,1104,6098,1952,1,190,,Active,May-9-2026 12:00 PM,May-9-2026 02:00 PM,https://www.redfin.com/OH/Columbus/1074-S-James-Rd-43227/home/75596474,CBRMLS,226011346,N,Y,39.9490791,-82.9151746
MLS Listing,,Single Family Residential,3233 Colony Hill Ln,Columbus,OH,43204,280000,3,2.0,Colony Hills,1200,6534,1983,1,233,,Pre On-Market,,,https://www.redfin.com/OH/Columbus/3233-Colony-Hill-Ln-43204/home/79501420,CBRMLS,226015595,N,Y,39.9791669,-83.0895838
MLS Listing,,Condo/Co-op,6467 Strathaven Ct W Unit A,Worthington,OH,43085,369900,3,3.0,Strathaven of Worthington,2162,,1986,1,171,600,Pre On-Market,,,https://www.redfin.com/OH/Worthington/6467-Strathaven-Ct-W-43085/unit-A/home/75704827,CBRMLS,226015592,N,Y,40.0909456,-83.0482199
MLS Listing,,Single Family Residential,567 Lathrop St,Columbus,OH,43206,550000,2,1.5,German Village,1618,1306,2016,1,340,,Active,May-10-2026 01:00 PM,May-10-2026 03:00 PM,https://www.redfin.com/OH/Columbus/567-Lathrop-St-43206/home/79502382,CBRMLS,226015590,N,Y,39.9517728,-82.987385
MLS Listing,,Single Family Residential,785 Island Ct,Columbus,OH,43214,400000,3,2.0,Columbus,1961,6969,1959,1,204,,Active,,,https://www.redfin.com/OH/Columbus/785-Island-Ct-43214/home/79628470,CBRMLS,226015589,N,Y,40.033227,-83.0376403
MLS Listing,,Single Family Residential,238 E Woodrow Ave,Columbus,OH,43207,235000,2,1.0,Hungarian Village,1008,3049,1900,1,233,,Pre On-Market,May-9-2026 11:00 AM,May-9-2026 01:00 PM,https://www.redfin.com/OH/Columbus/238-E-Woodrow-Ave-43207/home/79679200,CBRMLS,226015584,N,Y,39.9275517,-82.9891561
MLS Listing,,Single Family Residential,314 N Burgess Ave,Columbus,OH,43204,159900,3,1.0,Hillcrest,1484,6098,1925,1,108,,Active,,,https://www.redfin.com/OH/Columbus/314-N-Burgess-Ave-43204/home/79595480,CBRMLS,226015583,N,Y,39.9616733,-83.0701607
MLS Listing,,Single Family Residential,1263 Oakland Ave,Columbus,OH,43212,925000,3,4.0,Grandview Heights,3238,7405,1913,1,286,,Active,May-8-2026 05:00 PM,May-8-2026 07:00 PM,https://www.redfin.com/OH/Columbus/1263-Oakland-Ave-43212/home/75718375,CBRMLS,226015581,N,Y,39.9830148,-83.0496622
MLS Listing,,Single Family Residential,2385 Hanna Dr,Columbus,OH,43211,244900,5,2.0,Columbus,1813,6098,1956,1,135,,Pre On-Market,,,https://www.redfin.com/OH/Columbus/2385-Hanna-Dr-43211/home/75662301,CBRMLS,226015578,N,Y,40.0176721,-82.9489806
MLS Listing,,Single Family Residential,1151 Cloverknoll Ct,Columbus,OH,43235,329000,3,2.5,Gables East,1938,10890,1972,1,170,,Active,,,https://www.redfin.com/OH/Columbus/1151-Cloverknoll-Ct-43235/home/100745000,CBRMLS,226015575,N,Y,40.0662684,-83.0500243
MLS Listing,,Single Family Residential,133 Aldrich Rd,Columbus,OH,43214,450000,4,2.0,Columbus,1922,9147,1938,1,234,,Active,May-9-2026 12:00 AM,May-9-2026 02:00 PM,https://www.redfin.com/OH/Columbus/133-Aldrich-Rd-43214/home/75661145,CBRMLS,226015571,N,Y,40.0502985,-83.0238988
MLS Listing,,Single Family Residential,2618 Hiawatha St,Columbus,OH,43211,147000,3,1.0,Almada,914,5227,1951,1,161,,Active,,,https://www.redfin.com/OH/Columbus/2618-Hiawatha-St-43211/home/75594858,CBRMLS,226015568,N,Y,40.018641,-82.9861473
MLS Listing,,Single Family Residential,564 S Wayne Ave,Columbus,OH,43204,219900,3,2.0,WESTLAND,1472,6098,1933,1,149,,Active,,,https://www.redfin.com/OH/Columbus/564-S-Wayne-Ave-43204/home/79592715,CBRMLS,226015565,N,Y,39.943694,-83.0628429
MLS Listing,,Single Family Residential,697 Kelton Ave,Columbus,OH,43205,169900,3,1.0,Driving Park,1190,5662,1900,1,143,,Active,,,https://www.redfin.com/OH/Columbus/697-Kelton-Ave-43205/home/79709307,CBRMLS,226015564,N,Y,39.9523195,-82.9592298
MLS Listing,,Single Family Residential,3264 Eisenhower Rd,Columbus,OH,43224,219900,3,1.0,Columbus,1069,4791,1950,1,206,,Pre On-Market,May-17-2026 02:00 PM,May-17-2026 04:00 PM,https://www.redfin.com/OH/Columbus/3264-Eisenhower-Rd-43224/home/75679856,CBRMLS,226015560,N,Y,40.0312969,-82.9933781
MLS Listing,,Condo/Co-op,270 Dickenson St #202,Columbus,OH,43215,575000,2,2.0,"The Harris Flats, Jeffrey Park, Italian Village, Short North",1270,,2024,1,453,385,Active,,,https://www.redfin.com/OH/Columbus/270-Dickenson-St-43215/unit-202/home/192087543,CBRMLS,226015558,N,Y,39.9773151,-82.9960924
MLS Listing,,Single Family Residential,3033 Benchmark Dr,Columbus,OH,43219,315000,3,2.5,Eastview Estates,1196,7405,2000,1,263,,Pre On-Market,May-9-2026 12:00 PM,May-9-2026 02:00 PM,https://www.redfin.com/OH/Columbus/3033-Benchmark-Dr-43219/home/79543404,CBRMLS,226015556,N,Y,40.0302752,-82.9307275
MLS Listing,,Single Family Residential,6263 Lattuga Dr,Hilliard,OH,43026,584900,4,3.5,Sugar Farms,3375,6098,2024,1,173,95,Pre On-Market,,,https://www.redfin.com/OH/Hilliard/6263-Lattuga-Dr-43026/home/194837436,CBRMLS,226015549,N,Y,39.989864,-83.176041
MLS Listing,,Single Family Residential,3113 Hillgate Rd,Columbus,OH,43207,229999,3,2.0,Columbus,960,6534,1959,1,240,,Pre On-Market,May-9-2026 11:00 AM,May-9-2026 01:00 PM,https://www.redfin.com/OH/Columbus/3113-Hillgate-Rd-43207/home/100742180,CBRMLS,226015548,N,Y,39.8995986,-82.9876653
MLS Listing,,Single Family Residential,2949 Fleet Rd,Columbus,OH,43232,299000,3,2.0,Qualstan East/Blacklick Estates,1266,7405,1970,1,236,,Pre On-Market,,,https://www.redfin.com/OH/Columbus/2949-Fleet-Rd-43232/home/79526129,CBRMLS,226015545,N,Y,39.9172089,-82.855903
MLS Listing,,Single Family Residential,1860 Elmwood Ave,Columbus,OH,43212,725000,3,2.5,Kingswood,2010,7840,1952,1,361,,Pre On-Market,May-10-2026 12:00 PM,May-10-2026 02:00 PM,https://www.redfin.com/OH/Columbus/1860-Elmwood-Ave-43212/home/79724095,CBRMLS,226015546,N,Y,39.9953117,-83.0506301
MLS Listing,,Single Family Residential,2981 Hubbardton Pl,Reynoldsburg,OH,43068,249900,3,1.5,Independence Village,1260,3920,1980,1,198,,Pre On-Market,,,https://www.redfin.com/OH/Reynoldsburg/2981-Hubbardton-Pl-43068/home/75720816,CBRMLS,226015542,N,Y,39.922303,-82.8189791
MLS Listing,,Condo/Co-op,4993 Ivyvine Blvd,Dublin,OH,43016,278800,2,2.0,The Vinings,1255,871,2003,1,222,299,Pre On-Market,May-9-2026 12:00 PM,May-9-2026 02:00 PM,https://www.redfin.com/OH/Dublin/4993-Ivyvine-Blvd-43016/home/75651341,CBRMLS,226015541,N,Y,40.066704,-83.1523757
MLS Listing,,Single Family Residential,4303 Colby Ave,Columbus,OH,43227,120000,3,1.5,Columbus,1228,6969,1959,1,98,,Active,May-12-2026 05:00 PM,May-12-2026 06:00 PM,https://www.redfin.com/OH/Columbus/4303-Colby-Ave-43227/home/100742474,CBRMLS,226015539,N,Y,39.9457544,-82.8809878
MLS Listing,,Single Family Residential,542 S James Rd,Columbus,OH,43213,159000,3,1.5,Columbus,1529,6098,1952,1,104,,Active,,,https://www.redfin.com/OH/Columbus/542-S-James-Rd-43213/home/79567256,CBRMLS,226015538,N,Y,39.9603922,-82.914187
MLS Listing,,Single Family Residential,199 E Weisheimer Rd,Columbus,OH,43214,349000,2,1.0,Beechwold/Clintonville Area,825,6534,1950,1,423,,Active,,,https://www.redfin.com/OH/Columbus/199-E-Weisheimer-Rd-43214/home/79501658,CBRMLS,226015528,N,Y,40.0549347,-83.0143264
MLS Listing,,Condo/Co-op,5636 Apothecary Way,New Albany,OH,43054,319900,2,1.5,The Landon at New Albany Park,1019,,2017,1,314,245,Pre On-Market,May-16-2026 12:30 PM,May-16-2026 02:00 PM,https://www.redfin.com/OH/New-Albany/5636-Apothecary-Way-43054/home/201713944,CBRMLS,226015526,N,Y,40.0977195,-82.8357987
MLS Listing,,Single Family Residential,191 Brighton Rd,Columbus,OH,43202,499900,3,1.5,Clintonville,1440,6098,1917,1,347,,Pre On-Market,May-9-2026 11:00 AM,May-9-2026 01:00 PM,https://www.redfin.com/OH/Columbus/191-Brighton-Rd-43202/home/79507295,CBRMLS,226015523,N,Y,40.0304848,-83.0210074
MLS Listing,,Single Family Residential,4457 Rosemary Pkwy,Columbus,OH,43214,650000,3,2.5,Clintonville/Beechwold,1932,6969,1929,1,336,,Pre On-Market,,,https://www.redfin.com/OH/Columbus/4457-Rosemary-Pkwy-43214/home/79559644,CBRMLS,226015513,N,Y,40.0527233,-83.0227866
MLS Listing,,Single Family Residential,4405 Rosemary Pkwy,Columbus,OH,43214,364900,2,1.0,Clintonville,1154,5662,1954,1,316,,Active,,,https://www.redfin.com/OH/Columbus/4405-Rosemary-Pkwy-43214/home/79496076,CBRMLS,226015510,N,Y,40.0516989,-83.0228338
MLS Listing,,Single Family Residential,5672 Ellis Brook Dr. Dr,Dublin,OH,43016,447500,3,2.5,Hayden Farms,2224,3920,2010,1,201,66,Pre On-Market,,,https://www.redfin.com/OH/Dublin/5672-Ellis-Brook-Dr-43016/home/75652116,CBRMLS,226015508,N,Y,40.0672822,-83.1744145
MLS Listing,,Single Family Residential,1440 Mount Vernon Ave,Columbus,OH,43203,200000,2,1.5,Columbus,1206,3920,1900,1,166,,Active,,,https://www.redfin.com/OH/Columbus/1440-Mount-Vernon-Ave-43203/home/79565831,CBRMLS,226015504,N,Y,39.9739607,-82.9639525
MLS Listing,,Single Family Residential,4990 Root Pl,Columbus,OH,43207,259900,3,1.0,Columbus,1073,7840,1969,1,242,,Pre On-Market,,,https://www.redfin.com/OH/Columbus/4990-Root-Pl-43207/home/100763103,CBRMLS,226015500,N,Y,39.8571593,-82.977772
MLS Listing,,Single Family Residential,5976 Kingslake Dr,Hilliard,OH,43026,319900,3,1.5,Sweetwater,1221,7405,1988,1,262,,Pre On-Market,May-9-2026 10:30 AM,May-9-2026 12:30 PM,https://www.redfin.com/OH/Hilliard/5976-Kingslake-Dr-43026/home/79521078,CBRMLS,226015498,N,Y,39.9833894,-83.1631353
MLS Listing,,Single Family Residential,5587 Coogan Pl,Dublin,OH,43016,485000,4,2.5,Dublin,2068,9583,1986,1,235,,Active,,,https://www.redfin.com/OH/Dublin/5587-Coogan-Pl-43016/home/79500082,CBRMLS,226015497,N,Y,40.067773,-83.1141853
MLS Listing,,Single Family Residential,664 Arden St,Lewis Center,OH,43035,439900,3,2.5,WYNSTONE,1994,6098,1997,1,221,15,Active,May-8-2026 05:30 PM,May-8-2026 07:30 PM,https://www.redfin.com/OH/Lewis-Center/664-Arden-St-43035/home/70260785,CBRMLS,226014739,N,Y,40.147292,-83.0024088
MLS Listing,,Single Family Residential,4085 Lyon Dr,Columbus,OH,43220,1599900,5,4.5,Columbus,6346,13939,2002,1,252,,Active,,,https://www.redfin.com/OH/Columbus/4085-Lyon-Dr-43220/home/79605622,CBRMLS,226015399,N,Y,40.0399734,-83.0633194
MLS Listing,,Single Family Residential,5600 Shannon Rd,Canal Winchester,OH,43110,449900,2,2.0,Canal Winchester,2624,43560,1960,1,171,,Active,,,https://www.redfin.com/OH/Canal-Winchester/5600-Shannon-Rd-43110/home/75684926,CBRMLS,226015143,N,Y,39.892463,-82.8549785
MLS Listing,,Condo/Co-op,50 W Broad St #1907,Columbus,OH,43215,169900,1,1.0,LeVeque Tower / Downtown,750,,1927,1,227,632,Active,May-9-2026 02:00 PM,May-9-2026 04:00 PM,https://www.redfin.com/OH/Columbus/50-W-Broad-St-43215/unit-1907/home/193282759,CBRMLS,226015252,N,Y,39.9624569,-83.0021146
MLS Listing,,Single Family Residential,2792 Stratford Dr,Columbus,OH,43220,849999,4,2.5,Fairfax,2612,21344,1971,1,325,,Active,May-9-2026 02:00 PM,May-9-2026 04:00 PM,https://www.redfin.com/OH/Columbus/2792-Stratford-Dr-43220/home/75676711,CBRMLS,226015136,N,Y,40.0396859,-83.0924208
MLS Listing,,Single Family Residential,2378 Salbuck Ave,Hilliard,OH,43026,367900,3,2.5,Hilliard Green,1350,9583,1997,1,273,5,Active,,,https://www.redfin.com/OH/Hilliard/2378-Salbuck-Ave-43026/home/79607524,CBRMLS,226014433,N,Y,39.9992751,-83.1428066
MLS Listing,,Single Family Residential,1091 Cross Country Dr,Columbus,OH,43235,529900,5,2.5,Worthingview,3254,10018,1975,1,163,,Active,May-9-2026 03:00 PM,May-9-2026 05:00 PM,https://www.redfin.com/OH/Columbus/1091-Cross-Country-Dr-43235/home/75649883,CBRMLS,226014942,N,Y,40.1076074,-83.0469737
MLS Listing,,Single Family Residential,4906 River Trail Ct,Columbus,OH,43228,244900,3,1.5,Cherry Crk Sec 12,1068,6098,1995,2,229,,Active,,,https://www.redfin.com/OH/Columbus/4906-River-Trail-Ct-43228/home/75649074,CBRMLS,226015490,N,Y,39.9383231,-83.1303895
MLS Listing,,Single Family Residential,550 Nashoba Ave,Columbus,OH,43223,104900,3,1.0,Hilltonia,1175,4356,1930,2,89,,Active,,,https://www.redfin.com/OH/Columbus/550-Nashoba-Ave-43223/home/79512073,CBRMLS,226015489,N,Y,39.9448248,-83.0500493
MLS Listing,,Single Family Residential,3766 Pendlestone Dr,Columbus,OH,43230,219900,2,1.5,Canongate,1208,1742,1981,2,182,21,Pre On-Market,,,https://www.redfin.com/OH/Columbus/3766-Pendlestone-Dr-43230/home/75650122,CBRMLS,226015488,N,Y,40.0770763,-82.9166135
MLS Listing,,Condo/Co-op,2324 Terrance Dr #74,Columbus,OH,43220,219000,2,1.5,Woodrun Condominiums,1566,871,1984,2,140,350,Pre On-Market,,,https://www.redfin.com/OH/Columbus/2324-Terrance-Dr-43220/unit-74/home/100776910,CBRMLS,226015481,N,Y,40.0627469,-83.0799468
MLS Listing,,Single Family Residential,6978 Ellen Boat Ln,Canal Winchester,OH,43110,399900,4,2.5,Canal Winchester,2888,13939,2004,2,138,9,Pre On-Market,May-9-2026 12:00 PM,May-9-2026 02:00 PM,https://www.redfin.com/OH/Canal-Winchester/6978-Ellen-Boat-Ln-43110/home/100707477,CBRMLS,226015480,N,Y,39.8651719,-82.8120631
MLS Listing,,Condo/Co-op,611 Banningway Dr,Columbus,OH,43213,224900,3,2.5,Smith Farm,1640,435,1979,2,137,400,Pre On-Market,May-9-2026 10:00 AM,May-9-2026 12:00 PM,https://www.redfin.com/OH/Columbus/611-Banningway-Dr-43213/home/201708066,CBRMLS,226015478,N,Y,39.9677129,-82.8314501
MLS Listing,,Single Family Residential,5627 Blendon Place Dr Unit 79C,Columbus,OH,43230,210000,2,1.5,Blendon Park,1146,435,1997,2,183,295,Pre On-Market,,,https://www.redfin.com/OH/Columbus/5627-Blendon-Place-Dr-43230/unit-79C/home/100749944,CBRMLS,226015476,N,Y,40.0669379,-82.8715825
MLS Listing,,Single Family Residential,495 E Beechwold Blvd,Columbus,OH,43214,395000,3,1.5,Clintonville/Zooland,1332,5662,1948,2,297,,Pre On-Market,,,https://www.redfin.com/OH/Columbus/495-E-Beechwold-Blvd-43214/home/75595738,CBRMLS,226015469,N,Y,40.0590202,-83.0062502
MLS Listing,,Condo/Co-op,3071 Birch Hollow Way,Columbus,OH,43231,210000,2,1.5,Acropolis,1189,435,2000,2,177,290,Active,,,https://www.redfin.com/OH/Columbus/3071-Birch-Hollow-Way-43231/home/79567113,CBRMLS,226015468,N,Y,40.0964612,-82.936465
MLS Listing,,Single Family Residential,4409 Coble Bowman Way,Canal Winchester,OH,43110,375000,4,2.5,Canal Winchester,2246,6969,2021,2,167,40,Active,May-9-2026 01:00 PM,May-9-2026 03:00 PM,https://www.redfin.com/OH/Canal-Winchester/4409-Coble-Bowman-Way-43110/home/174636454,CBRMLS,226015463,N,Y,39.8869869,-82.8472895
MLS Listing,,Multi-Family (2-4 Unit),1786-1788 E Rich St,Columbus,OH,43205,385000,4,,Columbus,2538,6534,1909,2,152,,Active,,,https://www.redfin.com/OH/Columbus/1788-E-Rich-St-43205/home/75666517,CBRMLS,226010515,N,Y,39.959153,-82.951691
MLS Listing,,Single Family Residential,81 W Lakeview Ave W,Columbus,OH,43202,425000,3,2.0,Clintonville,1348,4791,1920,2,315,,Pre On-Market,May-9-2026 10:00 AM,May-9-2026 12:00 PM,https://www.redfin.com/OH/Columbus/81-W-Lakeview-Ave-43202/home/79573893,CBRMLS,226015460,N,Y,40.0273963,-83.0171918
MLS Listing,,Condo/Co-op,2601 Scioto View Ln Unit M,Columbus,OH,43221,250000,2,1.5,ARLINGTON POINTE,1200,435,1970,2,208,433,Pre On-Market,May-9-2026 11:00 AM,May-9-2026 01:00 PM,https://www.redfin.com/OH/Columbus/2601-Scioto-View-Ln-43221/unit-M/home/75724061,CBRMLS,226015453,N,Y,40.0061035,-83.084812
MLS Listing,,Condo/Co-op,570 S Front St #114,Columbus,OH,43215,410000,2,2.0,570 Lofts,1210,15681,1940,2,339,565,Pre On-Market,,,https://www.redfin.com/OH/Columbus/570-S-Front-St-43215/unit-114/home/113780660,CBRMLS,226015447,N,Y,39.9501694,-82.9997779
MLS Listing,,Single Family Residential,2481 Queenswood Dr,Columbus,OH,43219,220000,3,1.0,Columbus,952,6098,1971,2,231,,Pre On-Market,May-9-2026 02:00 PM,May-9-2026 04:00 PM,https://www.redfin.com/OH/Columbus/2481-Queenswood-Dr-43219/home/100745017,CBRMLS,226015445,N,Y,40.0039747,-82.9418582
MLS Listing,,Single Family Residential,1134 St Jude Ave,Columbus,OH,43204,175000,3,2.0,BROOKSHIRE PARK,1176,11761,1961,2,149,,Active,,,https://www.redfin.com/OH/Columbus/1134-Saint-Jude-Ave-43204/home/79480101,CBRMLS,226015443,N,Y,39.9315019,-83.0682303
MLS Listing,,Single Family Residential,5508 Falco Dr,Westerville,OH,43081,549000,4,3.5,West Albany,2852,10890,1998,2,192,6,Pre On-Market,May-17-2026 12:00 PM,May-17-2026 02:00 PM,https://www.redfin.com/OH/Westerville/5508-Falco-Dr-43081/home/100749433,CBRMLS,226015439,N,Y,40.0929105,-82.8394042
MLS Listing,,Single Family Residential,90 Southwind Dr,Columbus,OH,43230,575000,5,4.5,Southwind,2655,16552,1980,2,217,,Pre On-Market,,,https://www.redfin.com/OH/Columbus/90-Southwind-Dr-43230/home/79502710,CBRMLS,226015429,N,Y,40.019275,-82.8615601
MLS Listing,,Single Family Residential,2997 Easthaven Ct S,Columbus,OH,43232,180000,4,1.5,Glenbrook,1818,7840,1964,2,99,,Active,May-10-2026 01:00 PM,May-10-2026 03:00 PM,https://www.redfin.com/OH/Columbus/2997-Easthaven-Ct-S-43232/home/75632625,CBRMLS,226015426,N,Y,39.9273281,-82.9133837
MLS Listing,,Single Family Residential,93 Buena Vista Ave,Columbus,OH,43228,249900,4,1.5,LITTLE FARMS,1137,7840,1952,2,220,,Active,,,https://www.redfin.com/OH/Columbus/93-Buena-Vista-Ave-43228/home/79540854,CBRMLS,226015424,N,Y,39.9537933,-83.1404279
MLS Listing,,Single Family Residential,837 Holly Farms Dr #837,Blacklick,OH,43004,449900,4,2.5,Cedar Run,2628,7840,2013,2,171,13,Pre On-Market,May-9-2026 02:00 PM,May-9-2026 04:00 PM,https://www.redfin.com/OH/Blacklick/837-Holly-Farms-Dr-43004/unit-837/home/201703827,CBRMLS,226015419,N,Y,40.004116,-82.7795351
MLS Listing,,Single Family Residential,5529 Longworth Dr,Galloway,OH,43119,348000,3,2.5,Glenchester,1848,9147,2000,2,188,,Pre On-Market,May-9-2026 02:00 PM,May-9-2026 04:00 PM,https://www.redfin.com/OH/Galloway/5529-Longworth-Dr-43119/home/79482600,CBRMLS,226015417,N,Y,39.9544919,-83.150092
MLS Listing,,Single Family Residential,1639 Meriline Ave,Obetz,OH,43207,150000,3,1.0,Columbus Terrace,888,3920,1955,2,169,,Active,,,https://www.redfin.com/OH/Obetz/1639-Meriline-Ave-43207/home/75610147,CBRMLS,226015411,N,Y,39.8772146,-82.9574954
MLS Listing,,Single Family Residential,8648 Seabright Dr,Powell,OH,43065,299900,3,1.0,Powell,1198,7405,1983,2,250,,Pre On-Market,,,https://www.redfin.com/OH/Powell/8648-Seabright-Dr-43065/home/79518996,CBRMLS,226015410,N,Y,40.1339471,-83.0666048
MLS Listing,,Condo/Co-op,444 N Front St #311,Columbus,OH,43215,190000,1,1.0,Battleship Building/ Short North,651,9583,1911,2,292,298,Active,,,https://www.redfin.com/OH/Columbus/444-N-Front-St-43215/unit-311/home/79612602,CBRMLS,226015409,N,Y,39.9711714,-83.0042014
MLS Listing,,Single Family Residential,318 Postle Blvd,Columbus,OH,43228,378900,4,2.5,Rome Heights,1906,7405,2026,2,199,,Pre On-Market,,,https://www.redfin.com/OH/Columbus/318-Postle-Blvd-43228/home/201703405,CBRMLS,226015407,N,Y,39.945317,-83.13555
MLS Listing,,Single Family Residential,1127 Rumsey Rd,Columbus,OH,43207,199500,3,1.0,Columbus,1149,24829,1951,2,174,,Active,,,https://www.redfin.com/OH/Columbus/1127-Rumsey-Rd-43207/home/75662909,CBRMLS,226008222,N,Y,39.8926005,-82.969396
MLS Listing,,Condo/Co-op,5182 Horseshoe Falls Dr,Dublin,OH,43016,417000,3,2.5,The Falls at Hayden Run Condominium,2420,1742,2006,2,172,478,Active,,,https://www.redfin.com/OH/Dublin/5182-Horseshoe-Falls-Dr-43016/home/100721136,CBRMLS,226015381,N,Y,40.0573748,-83.1687073
MLS Listing,,Single Family Residential,1152 Tessier Dr,Columbus,OH,43235,599000,4,2.5,Lakes of Worthington,2895,6098,2010,2,207,165,Pre On-Market,May-9-2026 01:00 PM,May-9-2026 03:00 PM,https://www.redfin.com/OH/Columbus/1152-Tessier-Dr-43235/home/79734110,CBRMLS,226015374,N,Y,40.1130349,-83.0475536
MLS Listing,,Single Family Residential,6170 Benon Rd,Westerville,OH,43081,424900,3,2.5,UPPER ALBANY WEST,1967,3049,2010,2,216,83,Pre On-Market,May-9-2026 12:00 PM,May-9-2026 02:00 PM,https://www.redfin.com/OH/Westerville/6170-Benon-Rd-43081/home/79713060,CBRMLS,226015373,N,Y,40.1067998,-82.8528872
MLS Listing,,Single Family Residential,152 S Burgess Ave,Columbus,OH,43204,205000,3,2.0,Central HIlltop,1336,4356,1915,2,153,,Active,,,https://www.redfin.com/OH/Columbus/152-S-Burgess-Ave-43204/home/79504571,CBRMLS,226015364,N,Y,39.9519995,-83.0688026
MLS Listing,,Condo/Co-op,890 S Front St,Columbus,OH,43206,735000,3,3.5,"''Southern Tier'' in Brewery District, German Village Area,",2407,871,2018,2,305,245,Pre On-Market,,,https://www.redfin.com/OH/Columbus/890-S-Front-St-43206/home/148531734,CBRMLS,226015362,N,Y,39.943741,-82.998543
MLS Listing,,Single Family Residential,2531 Scottwood Rd,Columbus,OH,43209,619000,3,2.5,BERWICK HTS 2,2678,23522,1957,2,231,,Active,,,https://www.redfin.com/OH/Columbus/2531-Scottwood-Rd-43209/home/75680061,CBRMLS,226003190,N,Y,39.939785,-82.9278737
MLS Listing,,Condo/Co-op,2574 Scioto View Ln Unit G,Columbus,OH,43221,257500,2,1.5,Arlington Pointe,1056,435,1970,2,244,365,Active,,,https://www.redfin.com/OH/Columbus/2574-Scioto-View-Ln-43221/unit-G/home/100716038,CBRMLS,226015357,N,Y,40.0059686,-83.084061
MLS Listing,,Multi-Family (2-4 Unit),358-360 E Markison Ave,Columbus,OH,43207,440000,6,,Merion Village,2550,5662,1895,2,173,,Active,,,https://www.redfin.com/OH/Columbus/360-E-Markison-Ave-43207/home/75656855,CBRMLS,226015350,N,Y,39.9311879,-82.9861216
MLS Listing,,Single Family Residential,3323 Roswell Dr,Columbus,OH,43227,195000,4,1.0,Columbus,1472,6098,1957,2,132,,Active,,,https://www.redfin.com/OH/Columbus/3323-Roswell-Dr-43227/home/75681149,CBRMLS,226015344,N,Y,39.9391798,-82.9058938
MLS Listing,,Single Family Residential,5156 Locust Post Ln,Columbus,OH,43230,199900,3,2.0,Columbus,1633,7405,1984,2,122,,Pre On-Market,,,https://www.redfin.com/OH/Columbus/5156-Locust-Post-Ln-43230/home/75697354,CBRMLS,226015338,N,Y,40.0628614,-82.8842322
MLS Listing,,Single Family Residential,2465 Indiana Ave,Columbus,OH,43202,267900,3,1.0,University District,1225,3484,1915,2,219,,Active,,,https://www.redfin.com/OH/Columbus/2465-Indiana-Ave-43202/home/79523236,CBRMLS,226015242,N,Y,40.0136793,-83.0014803
MLS Listing,,Multi-Family (5+ Unit),100 Chittenden Ave,Columbus,OH,43201,7799000,90,,Chittenden and Indianola  18th Ave at Pearl Ave,14538,18730,1972,2,536,,Active,,,https://www.redfin.com/OH/Columbus/100-Chittenden-Ave-43201/home/100729373,CBRMLS,226015087,N,Y,39.9958759,-83.0042545
MLS Listing,,Multi-Family (5+ Unit),65 E 18th Ave,Columbus,OH,43201,7799000,47,,Central Campus,14832,19602,1963,2,526,,Active,,,https://www.redfin.com/OH/Columbus/65-E-18th-Ave-43201/home/100728712,CBRMLS,226015084,N,Y,40.0028538,-83.0068254
MLS Listing,,Single Family Residential,3484 E Deshler Ave,Columbus,OH,43227,175000,3,1.0,Columbus,896,10454,1968,3,195,,Active,,,https://www.redfin.com/OH/Columbus/3484-E-Deshler-Ave-43227/home/79477672,CBRMLS,226015335,N,Y,39.9371216,-82.9010174
MLS Listing,,Single Family Residential,416 S Burgess Ave,Columbus,OH,43204,134900,2,1.0,Columbus,1210,3920,1925,3,111,,Active,,,https://www.redfin.com/OH/Columbus/416-S-Burgess-Ave-43204/home/79508257,CBRMLS,226015334,N,Y,39.946544,-83.068397
MLS Listing,,Single Family Residential,1325 N 4th St,Columbus,OH,43201,275000,2,2.0,Columbus,1303,4356,1918,3,211,,Active,,,https://www.redfin.com/OH/Columbus/1325-N-4th-St-43201/home/79511651,CBRMLS,226015332,N,Y,39.9902036,-82.9996306
MLS Listing,,Single Family Residential,607 E Weisheimer Rd,Columbus,OH,43214,329900,3,1.5,Columbus,950,8276,1955,3,347,,Pre On-Market,,,https://www.redfin.com/OH/Columbus/607-E-Weisheimer-Rd-43214/home/75596104,CBRMLS,226015328,N,Y,40.0543406,-83.0035538
MLS Listing,,Single Family Residential,333 Chapelfield Rd,Columbus,OH,43230,350000,4,2.5,Gahanna,1554,10018,1972,3,225,,Pre On-Market,,,https://www.redfin.com/OH/Columbus/333-Chapelfield-Rd-43230/home/75635880,CBRMLS,226015326,N,Y,40.0260745,-82.8889142
MLS Listing,,Single Family Residential,966 S Front St,Columbus,OH,43206,425000,2,2.0,Brewery District,1580,2613,1888,3,269,,Pre On-Market,May-9-2026 01:00 PM,May-9-2026 03:00 PM,https://www.redfin.com/OH/Columbus/966-S-Front-St-43206/home/79542203,CBRMLS,226015325,N,Y,39.9422173,-82.9982999
MLS Listing,,Single Family Residential,389 Thurman Ave,Columbus,OH,43206,599000,3,2.0,Merion Village / German Village,1495,8276,1910,3,401,,Pre On-Market,May-9-2026 12:00 PM,May-9-2026 02:00 PM,https://www.redfin.com/OH/Columbus/389-Thurman-Ave-43206/home/79516438,CBRMLS,226015323,N,Y,39.9391751,-82.9855695
MLS Listing,,Single Family Residential,7464 Willow Leaf Dr,Canal Winchester,OH,43110,295000,4,2.5,Canal Winchester,1960,4791,2018,3,151,17,Active,,,https://www.redfin.com/OH/Canal-Winchester/7464-Willow-Leaf-Dr-43110/home/142713595,CBRMLS,226015322,N,Y,39.9051574,-82.8061396
MLS Listing,,Single Family Residential,723 Stewart Ave,Columbus,OH,43206,295000,2,1.0,Columbus,1008,3049,1900,3,293,,Active,,,https://www.redfin.com/OH/Columbus/723-Stewart-Ave-43206/home/75591599,CBRMLS,226015304,N,Y,39.9410345,-82.9768898
MLS Listing,,Single Family Residential,6322 Luckleaf Way Lot 179,Galloway,OH,43119,399900,4,2.5,Clover Run,2265,8276,2026,3,177,85,Active,,,https://www.redfin.com/OH/Galloway/6322-Luckleaf-Way-43119/unit-179/home/201695866,CBRMLS,226015298,N,Y,39.9435211,-83.1662954
MLS Listing,,Single Family Residential,6254 Trefoil St Lot 100,Galloway,OH,43119,409900,4,2.5,Clover Run,2606,5662,2026,3,157,85,Active,,,https://www.redfin.com/OH/Galloway/6254-Trefoil-St-43119/unit-100/home/201695857,CBRMLS,226015296,N,Y,39.9439168,-83.1666169
MLS Listing,,Single Family Residential,1061 S 22nd St,Columbus,OH,43206,450000,3,2.0,Southern Orchards,6788,10018,1900,3,66,,Pre On-Market,,,https://www.redfin.com/OH/Columbus/1061-S-22nd-St-43206/home/201695764,CBRMLS,226015291,N,Y,39.9431562,-82.9736321
MLS Listing,,Single Family Residential,335 Fortune Dr Lot 148,Galloway,OH,43119,394900,4,2.5,Clover Run,2265,7840,2026,3,174,85,Active,May-9-2026 01:00 PM,May-9-2026 04:00 PM,https://www.redfin.com/OH/Galloway/335-Fortune-Dr-43119/unit-148/home/201695752,CBRMLS,226015290,N,Y,39.943593,-83.1649434
MLS Listing,,Single Family Residential,609 Frebis Ave,Columbus,OH,43206,359000,3,2.5,Columbus,1459,3920,2025,3,246,,Active,,,https://www.redfin.com/OH/Columbus/609-Frebis-Ave-43206/home/100731665,CBRMLS,226015289,N,Y,39.9350779,-82.9795182
MLS Listing,,Condo/Co-op,4014 Wiston Dr,Groveport,OH,43125,207000,3,2.5,Winchester Crossing,1350,2178,2002,3,153,344,Pre On-Market,,,https://www.redfin.com/OH/Groveport/4014-Wiston-Dr-43125/home/100786564,CBRMLS,226015287,N,Y,39.89247,-82.87347
MLS Listing,,Single Family Residential,302 Fortune Dr Lot 143,Galloway,OH,43119,384900,3,2.5,Clover Run,2213,6098,2026,3,174,85,Active,May-9-2026 01:00 PM,May-9-2026 04:00 PM,https://www.redfin.com/OH/Galloway/302-Fortune-Dr-43119/unit-143/home/201695608,CBRMLS,226015284,N,Y,39.9442393,-83.1644293
MLS Listing,,Townhouse,6188 Michaelkenney Ln,Dublin,OH,43017,649900,8,,TRAFALGAR COMMONS,4160,14374,1979,3,156,,Active,,,https://www.redfin.com/OH/Dublin/6188-6194-Michaelkenney-Ln-43017/home/193919716,CBRMLS,226015278,N,Y,40.081411,-83.09292
MLS Listing,,Vacant Land,1955 Florine Dr,Grove City,OH,43123,450000,,,Grove City,,470883,,3,,,Active,,,https://www.redfin.com/OH/Grove-City/1955-Florine-Dr-43123/home/75650935,CBRMLS,226015269,N,Y,39.8978513,-83.0457908
MLS Listing,,Single Family Residential,1467 Tenagra Way,Columbus,OH,43228,334900,4,2.5,Trabue Woods,1487,13068,1996,3,225,7,Active,,,https://www.redfin.com/OH/Columbus/1467-Tenagra-Way-43228/home/100773065,CBRMLS,226015268,N,Y,39.9837389,-83.1208199
MLS Listing,,Multi-Family (2-4 Unit),113 E Sycamore St #111,Columbus,OH,43206,874900,4,,Columbus,3722,3484,1900,3,235,,Active,,,https://www.redfin.com/OH/Columbus/113-E-Sycamore-St-43206/unit-111/home/100730890,CBRMLS,226015265,N,Y,39.9491213,-82.9948519
MLS Listing,,Single Family Residential,1390 Gray Meadow Dr,Columbus,OH,43223,336954,4,2.5,Westmeadow Sec 04,1756,6534,2002,3,192,2,Active,,,https://www.redfin.com/OH/Columbus/1390-Gray-Meadow-Dr-43223/home/79619066,CBRMLS,226015267,N,Y,39.9261152,-83.0458482
MLS Listing,,Single Family Residential,4541 Parkwick Dr,Columbus,OH,43228,279900,3,2.0,Parkview,1528,16988,2000,3,183,,Active,,,https://www.redfin.com/OH/Columbus/4541-Parkwick-Dr-43228/home/79611347,CBRMLS,226015266,N,Y,39.9188663,-83.1132969
MLS Listing,,Single Family Residential,744 Powhatan Ave,Columbus,OH,43204,234000,3,1.0,Columbus,1066,8712,1956,3,220,,Pre On-Market,,,https://www.redfin.com/OH/Columbus/744-Powhatan-Ave-43204/home/75629511,CBRMLS,226015264,N,Y,39.9387862,-83.0846344
MLS Listing,,Condo/Co-op,42 N Westgate Ave,Columbus,OH,43204,650000,4,,Columbus,3600,11325,1950,3,181,,Active,,,https://www.redfin.com/OH/Columbus/42-N-Westgate-Ave-43204/home/100736245,CBRMLS,226015263,N,Y,39.9555407,-83.08299
MLS Listing,,Single Family Residential,30 E Dodridge St,Columbus,OH,43202,324900,2,2.0,Old North,1262,5662,1912,3,257,,Pre On-Market,,,https://www.redfin.com/OH/Columbus/30-E-Dodridge-St-43202/home/75667801,CBRMLS,226015257,N,Y,40.0170109,-83.0110575
MLS Listing,,Single Family Residential,2339 Joyce Ave,Columbus,OH,43211,120000,2,1.0,Liden,672,5662,1942,3,179,,Active,,,https://www.redfin.com/OH/Columbus/2339-Joyce-Ave-43211/home/79525958,CBRMLS,226015247,N,Y,40.0153934,-82.9614205
MLS Listing,,Single Family Residential,1433 E 19th Ave,Columbus,OH,43211,110000,2,1.0,Linden,672,4791,1951,3,164,,Active,,,https://www.redfin.com/OH/Columbus/1433-E-19th-Ave-43211/home/79513106,CBRMLS,226015231,N,Y,40.0018876,-82.9693823
MLS Listing,,Single Family Residential,3569 Dresden St,Columbus,OH,43224,229900,3,1.0,North Linden,1106,5227,1956,3,208,,Active,,,https://www.redfin.com/OH/Columbus/3569-Dresden-St-43224/home/75629609,CBRMLS,226015230,N,Y,40.0399719,-82.9707368
MLS Listing,,Multi-Family (2-4 Unit),1244 S Ohio Ave Unit A and B,Columbus,OH,43206,265000,4,,Columbus,2040,4791,1925,3,130,,Active,,,https://www.redfin.com/OH/Columbus/1244-S-Ohio-Ave-43206/unit-A-and-B/home/193965201,CBRMLS,226015223,N,Y,39.9394194,-82.9720607
MLS Listing,,Single Family Residential,2268 Shrewsbury Rd,Columbus,OH,43221,199999,3,1.0,RIVER RIDGE,1008,7405,1956,3,198,,Pre On-Market,,,https://www.redfin.com/OH/Columbus/2268-Shrewsbury-Rd-43221/home/79557852,CBRMLS,226015220,N,Y,40.0263797,-83.0754239
MLS Listing,,Condo/Co-op,5484 Poolbeg St #267,Canal Winchester,OH,43110,255000,2,2.5,Village at Shannon Green,1328,1306,2004,3,192,81,Pre On-Market,,,https://www.redfin.com/OH/Canal-Winchester/5484-Poolbeg-St-43110/unit-267/home/100709007,CBRMLS,226015215,N,Y,39.8981867,-82.8490239
MLS Listing,,Single Family Residential,3116 Musket Ridge Dr,Columbus,OH,43223,257000,4,1.0,Columbus,1632,6098,1969,3,157,,Active,,,https://www.redfin.com/OH/Columbus/3116-Musket-Ridge-Dr-43223/home/75615688,CBRMLS,226015212,N,Y,39.9184312,-83.0763576
MLS Listing,,Single Family Residential,1209 Aberdeen Ave,Columbus,OH,43211,150000,2,1.0,Columbus,806,4791,1930,3,186,,Active,,,https://www.redfin.com/OH/Columbus/1209-Aberdeen-Ave-43211/home/79660378,CBRMLS,226015205,N,Y,40.0211803,-82.9790533
MLS Listing,,Single Family Residential,166 E Welch Ave,Columbus,OH,43207,400000,3,2.0,Merion Village,1256,4791,1920,3,318,,Pre On-Market,May-10-2026 11:00 AM,May-10-2026 01:00 PM,https://www.redfin.com/OH/Columbus/166-E-Welch-Ave-43207/home/79495525,CBRMLS,226015200,N,Y,39.9304472,-82.9911984
MLS Listing,,Single Family Residential,721 Mistletoe St,Columbus,OH,43230,320000,3,2.0,Pipers Glen,1452,6969,1976,3,220,,Pre On-Market,May-9-2026 01:00 PM,May-9-2026 04:00 PM,https://www.redfin.com/OH/Columbus/721-Mistletoe-St-43230/home/79623019,CBRMLS,226015195,N,Y,40.0381753,-82.8995917
MLS Listing,,Single Family Residential,1398 Matthias Dr,Columbus,OH,43224,285900,4,2.0,Historic Clinton Estate neighborhood.,2261,8276,1959,3,126,,Active,,,https://www.redfin.com/OH/Columbus/1398-Matthias-Dr-43224/home/75598634,CBRMLS,226015193,N,Y,40.0553337,-82.9806261
MLS Listing,,Single Family Residential,1093 Gartner Ct,Columbus,OH,43207,420000,4,3.0,Butler Farms,2280,7840,2016,3,184,33,Active,,,https://www.redfin.com/OH/Columbus/1093-Gartner-Ct-43207/home/195311909,CBRMLS,226015177,N,Y,39.8691542,-82.9730535
MLS Listing,,Single Family Residential,2670 Diane Pl,Columbus,OH,43207,235000,3,2.0,Columbus,1485,7840,1974,3,158,,Active,,,https://www.redfin.com/OH/Columbus/2670-Diane-Pl-43207/home/79490904,CBRMLS,226011954,N,Y,39.9105591,-82.9594797
MLS Listing,,Condo/Co-op,1303 Worthington Creek Dr #9,Columbus,OH,43085,250000,2,2.0,Columbus,1240,2178,1985,4,202,450,Pre On-Market,May-9-2026 01:00 PM,May-9-2026 03:00 PM,https://www.redfin.com/OH/Columbus/1303-Worthington-Creek-Dr-43085/unit-9/home/79736815,CBRMLS,226015183,N,Y,40.1226324,-82.9821139
MLS Listing,,Single Family Residential,1556 Obetz Ave,Obetz,OH,43207,199900,2,1.0,Obetz,1234,2613,1928,4,162,,Active,,,https://www.redfin.com/OH/Obetz/1556-Obetz-Ave-43207/home/75684171,CBRMLS,226015176,N,Y,39.8789705,-82.9589393
MLS Listing,,Condo/Co-op,3815 Mill Stream Dr,Hilliard,OH,43026,319900,2,2.0,Villas at Mill Run,1008,1306,1991,4,317,351,Pre On-Market,,,https://www.redfin.com/OH/Hilliard/3815-Mill-Stream-Dr-43026/home/193681299,CBRMLS,226015169,N,Y,40.0213749,-83.116102
MLS Listing,,Single Family Residential,5724 Nike Dr,Hilliard,OH,43026,269000,3,1.5,COVENTRY,1328,7405,1990,4,203,,Active,,,https://www.redfin.com/OH/Hilliard/5724-Nike-Dr-43026/home/79517960,CBRMLS,226015157,N,Y,39.9976487,-83.1572308
MLS Listing,,Condo/Co-op,46 Victorian Gate Way,Columbus,OH,43215,239900,1,1.0,Victorian Gate,784,871,1994,4,306,289,Active,,,https://www.redfin.com/OH/Columbus/46-Victorian-Gate-Way-43215/home/100711902,CBRMLS,226015152,N,Y,39.9758668,-83.004437
MLS Listing,,Single Family Residential,2584 Eakin Rd,Columbus,OH,43204,175000,2,1.0,Columbus,984,4791,1930,4,178,,Active,,,https://www.redfin.com/OH/Columbus/2584-Eakin-Rd-43204/home/79516429,CBRMLS,226015150,N,Y,39.9376716,-83.0666153
MLS Listing,,Single Family Residential,125 W Campus View Blvd,Columbus,OH,43235,599900,3,2.5,The Woods at Josephinum,2456,17424,1980,4,244,27,Pre On-Market,,,https://www.redfin.com/OH/Columbus/125-W-Campus-View-Blvd-43235/home/79550852,CBRMLS,226015147,N,Y,40.1174289,-83.0197136
MLS Listing,,Single Family Residential,1660 E Weber Rd,Columbus,OH,43211,199000,2,1.0,Kenmore Park,1030,5662,1948,4,193,,Active,,,https://www.redfin.com/OH/Columbus/1660-E-Weber-Rd-43211/home/79598929,CBRMLS,226014788,N,Y,40.0230584,-82.967073
MLS Listing,,Single Family Residential,1298 Bryden Rd,Columbus,OH,43205,975000,5,3.5,Olde Towne East/  Bryden Rd. Historic District,4166,16117,1895,4,234,,Active,,,https://www.redfin.com/OH/Columbus/1298-Bryden-Rd-43205/home/79486527,CBRMLS,226014303,N,Y,39.960652,-82.9650508
MLS Listing,,Single Family Residential,2427 Lyncross St,Grove City,OH,43123,315000,2,2.0,Grove City,1522,5662,1999,5,207,125,Pre On-Market,,,https://www.redfin.com/OH/Grove-City/2427-Lyncross-St-43123/home/79635995,CBRMLS,226015116,N,Y,39.9029713,-83.1139057
MLS Listing,,Single Family Residential,5997 Bricklin St,Westerville,OH,43081,539900,4,2.5,Upper Albany West,3268,6969,2013,5,165,48,Pre On-Market,,,https://www.redfin.com/OH/Westerville/5997-Bricklin-St-43081/home/100723869,CBRMLS,226015115,N,Y,40.1028765,-82.8599204
MLS Listing,,Single Family Residential,699 Holly Hill Dr,Columbus,OH,43228,190000,3,1.0,Holly Hill,944,6098,1960,5,201,,Active,,,https://www.redfin.com/OH/Columbus/699-Holly-Hill-Dr-43228/home/75631639,CBRMLS,226015114,N,Y,39.9389992,-83.1034831
MLS Listing,,Single Family Residential,1008 Greeley Dr,Galloway,OH,43119,310000,4,2.5,CLIFTON CHASE,1360,5662,1998,5,228,,Active,,,https://www.redfin.com/OH/Galloway/1008-Greeley-Dr-43119/home/100750028,CBRMLS,226015104,N,Y,39.9306703,-83.1503004
MLS Listing,,Condo/Co-op,5115 Vinings Blvd,Dublin,OH,43016,375000,3,2.5,The Vinings at Tuttle Crossing,1537,1306,2005,5,244,347,Active,,,https://www.redfin.com/OH/Dublin/5115-Vinings-Blvd-43016/home/79686661,CBRMLS,226015096,N,Y,40.0668273,-83.155831
MLS Listing,,Single Family Residential,907 S Champion Ave,Columbus,OH,43206,649900,5,3.5,Old Orchard,2752,5227,1920,5,236,,Active,,,https://www.redfin.com/OH/Columbus/907-S-Champion-Ave-43206/home/79558498,CBRMLS,226015094,N,Y,39.9466765,-82.9705339
MLS Listing,,Single Family Residential,3079 Rumford Ct,Reynoldsburg,OH,43068,235000,3,1.5,Reynoldsburg,1268,8712,1984,5,185,,Pre On-Market,May-8-2026 04:00 PM,May-8-2026 06:00 PM,https://www.redfin.com/OH/Reynoldsburg/3079-Rumford-Ct-43068/home/79641186,CBRMLS,226015091,N,Y,39.9209467,-82.8150446
MLS Listing,,Single Family Residential,405 E Jenkins Ave,Columbus,OH,43207,394500,2,2.5,Merion Village,1355,4791,1920,5,291,,Pre On-Market,May-9-2026 01:00 PM,May-9-2026 04:00 PM,https://www.redfin.com/OH/Columbus/405-E-Jenkins-Ave-43207/home/100735940,CBRMLS,226015089,N,Y,39.9328574,-82.9849215
MLS Listing,,Condo/Co-op,6644 Imperial Rose Pl,Reynoldsburg,OH,43068,195000,2,2.0,Rosewood,1064,1742,1997,5,183,175,Pre On-Market,,,https://www.redfin.com/OH/Reynoldsburg/6644-Imperial-Rose-Pl-43068/home/79550692,CBRMLS,226015086,N,Y,39.9571262,-82.8204725
MLS Listing,,Single Family Residential,3237 E 12th Ave,Columbus,OH,43219,179900,2,1.0,Columbus,672,5227,1950,5,268,,Active,,,https://www.redfin.com/OH/Columbus/3237-E-12th-Ave-43219/home/75670173,CBRMLS,226015085,N,Y,39.9909121,-82.9183491
MLS Listing,,Single Family Residential,2037 Studer Ave,Columbus,OH,43207,71500,2,1.0,Marion Park,720,6772,1941,5,99,,Active,,,https://www.redfin.com/OH/Columbus/2037-Studer-Ave-43207/home/75598379,Dayton MLS,958106,N,Y,39.9234663,-82.9669062
MLS Listing,,Single Family Residential,3513 En Joie Dr,Columbus,OH,43228,369900,3,2.0,Golfview Woods,1152,7405,1982,5,321,,Pre On-Market,,,https://www.redfin.com/OH/Columbus/3513-En-Joie-Dr-43228/home/79581933,CBRMLS,226015060,N,Y,39.995804,-83.1004019
MLS Listing,,Single Family Residential,56 Broadlawn Ave,Columbus,OH,43228,125000,2,1.0,Broadlawn,924,5227,1953,5,135,,Active,,,https://www.redfin.com/OH/Columbus/56-Broadlawn-Ave-43228/home/100762591,CBRMLS,226015058,N,Y,39.9525643,-83.0969934
MLS Listing,,Multi-Family (2-4 Unit),1890-1892 Hillandale Ave,Columbus,OH,43229,400000,5,,Sharon Woods,2288,9147,1973,5,175,,Active,,,https://www.redfin.com/OH/Columbus/1892-Hillandale-Ave-43229/home/75689027,CBRMLS,226015051,N,Y,40.1055914,-82.9651025
MLS Listing,,Single Family Residential,908 Larkfield Dr,Columbus,OH,43085,425000,3,2.5,Columbus,1580,7405,1995,5,269,,Pre On-Market,,,https://www.redfin.com/OH/Columbus/908-Larkfield-Dr-43085/home/79535436,CBRMLS,226015050,N,Y,40.1175865,-82.9920232
MLS Listing,,Single Family Residential,808 S Burgess Ave,Columbus,OH,43204,161000,2,1.5,Westland,1207,4791,1933,5,133,,Active,,,https://www.redfin.com/OH/Columbus/808-S-Burgess-Ave-43204/home/79512921,CBRMLS,226014541,N,Y,39.9383879,-83.0679681
MLS Listing,,Single Family Residential,1101 Meadow Ln,Columbus,OH,43207,249900,3,1.0,Columbus,1120,13939,1950,5,223,,Active,,,https://www.redfin.com/OH/Columbus/1101-Meadow-Ln-43207/home/75610443,CBRMLS,226014491,N,Y,39.8810723,-82.9711358
MLS Listing,,Single Family Residential,3733 Genessee Ave,Columbus,OH,43219,514999,4,2.5,Columbus,2230,6098,2025,5,231,,Active,,,https://www.redfin.com/OH/Columbus/3733-Genessee-Ave-43219/home/100766341,CBRMLS,226014767,N,Y,40.0167184,-82.9097756
MLS Listing,,Single Family Residential,96 Kingsmeadow Ln,Blacklick,OH,43004,549800,3,2.5,Kingswood Farm,2410,13503,1994,5,228,4,Active,,,https://www.redfin.com/OH/Blacklick/96-Kingsmeadow-Ln-43004/home/75606181,CBRMLS,226014973,N,Y,39.9827024,-82.7973203
MLS Listing,,Single Family Residential,925 Gilbert St,Columbus,OH,43206,325000,3,2.5,Southern Orchards,1320,3920,1911,5,246,,Active,,,https://www.redfin.com/OH/Columbus/925-Gilbert-St-43206/home/79594314,CBRMLS,226014298,N,Y,39.9458256,-82.9745743
MLS Listing,,Single Family Residential,8147 Willow Brook Crossing Dr,Blacklick,OH,43004,382900,4,2.5,Willow Brook Crossing,1620,8276,2003,5,236,20,Active,,,https://www.redfin.com/OH/Blacklick/8147-Willow-Brook-Crossing-Dr-43004/home/79733073,CBRMLS,226014259,N,Y,40.0090496,-82.7929329
MLS Listing,,Single Family Residential,3069 Southfield Dr,Columbus,OH,43207,179000,3,1.0,Columbus,896,5227,1959,5,200,,Active,,,https://www.redfin.com/OH/Columbus/3069-Southfield-Dr-43207/home/79570899,CBRMLS,226014764,N,Y,39.9020498,-82.9619444
MLS Listing,,Single Family Residential,4148 Panorama Dr,Columbus,OH,43230,399900,3,1.5,Broadview Commons,1505,8276,1991,5,266,,Active,May-9-2026 01:00 PM,May-9-2026 03:00 PM,https://www.redfin.com/OH/Columbus/4148-Panorama-Dr-43230/home/75697424,CBRMLS,226014670,N,Y,40.061286,-82.8734884
MLS Listing,,Single Family Residential,1563 Raley Way,Columbus,OH,43228,474900,4,2.5,Renner Park,2602,6098,2023,5,183,37,Active,May-9-2026 12:00 PM,May-9-2026 02:00 PM,https://www.redfin.com/OH/Columbus/1563-Raley-Way-43228/home/185259103,CBRMLS,226014569,N,Y,39.9828056,-83.174423
MLS Listing,,Single Family Residential,5812 Trail Creek Dr,Dublin,OH,43016,399000,3,2.5,Village at Haydens Crossing North,1926,3484,2014,5,207,110,Active,,,https://www.redfin.com/OH/Dublin/5812-Trail-Creek-Dr-43016/home/193928984,CBRMLS,226014768,N,Y,40.0638279,-83.1747606
MLS Listing,,Single Family Residential,5021 Grimm Dr,Lockbourne,OH,43137,399000,4,2.5,Hartman Ponds,2064,4356,2013,5,193,19,Active,,,https://www.redfin.com/OH/Lockbourne/5021-Grimm-Dr-43137/home/100717401,CBRMLS,226014965,N,Y,39.858803,-82.99394
MLS Listing,,Single Family Residential,1934 Milden Rd,Columbus,OH,43221,575000,4,2.5,North Mountview,1632,9583,1955,5,352,,Active,May-9-2026 12:00 PM,May-9-2026 02:00 PM,https://www.redfin.com/OH/Columbus/1934-Milden-Rd-43221/home/75676225,CBRMLS,226014847,N,Y,40.0220781,-83.0649655
MLS Listing,,Single Family Residential,5083 Jameson Dr,Columbus,OH,43232,220000,3,1.0,Columbus,1850,6969,1966,5,119,,Active,,,https://www.redfin.com/OH/Columbus/5083-Jameson-Dr-43232/home/75600078,CBRMLS,226014483,N,Y,39.9287748,-82.8569093
MLS Listing,,Multi-Family (2-4 Unit),1999 W Broad St #1997,Columbus,OH,43223,330000,6,,Columbus,3060,10018,1900,5,108,,Active,,,https://www.redfin.com/OH/Columbus/1999-W-Broad-St-43223/unit-1997/home/79761298,CBRMLS,226014350,N,Y,39.9556332,-83.0536528
MLS Listing,,Single Family Residential,167 Creekside Green Dr,Columbus,OH,43230,499990,4,3.0,Gahanna,2546,2178,2019,5,196,400,Active,,,https://www.redfin.com/OH/Columbus/167-Creekside-Green-Dr-43230/home/167656218,CBRMLS,226013946,N,Y,40.0152289,-82.8842267
MLS Listing,,Single Family Residential,5392 Carbondale Dr,Columbus,OH,43232,280000,3,2.0,Columbus,1516,8276,1975,5,185,,Active,,,https://www.redfin.com/OH/Columbus/5392-Carbondale-Dr-43232/home/75633794,CBRMLS,226014098,N,Y,39.9257223,-82.8471522
MLS Listing,,Single Family Residential,1627 E Weber Rd,Columbus,OH,43211,200000,2,1.0,Columbus,984,4791,1925,5,203,,Active,,,https://www.redfin.com/OH/Columbus/1627-E-Weber-Rd-43211/home/79537798,CBRMLS,226014110,N,Y,40.0227231,-82.967954
MLS Listing,,Single Family Residential,1191 E Long St,Columbus,OH,43203,524900,4,3.5,King-Lincoln Bronzeville,2477,5227,2019,5,212,,Active,,,https://www.redfin.com/OH/Columbus/1191-E-Long-St-43203/home/79593985,CBRMLS,226013894,N,Y,39.9683814,-82.9694632
MLS Listing,,Single Family Residential,5276 Plumwood St,Columbus,OH,43229,445000,4,2.5,Columbus,1764,9583,1976,6,252,,Active,May-9-2026 12:00 PM,May-9-2026 02:00 PM,https://www.redfin.com/OH/Columbus/5276-Plumwood-St-43229/home/79515564,CBRMLS,226015043,N,Y,40.0770628,-82.9574801
MLS Listing,,Single Family Residential,473 N Ohio Ave,Columbus,OH,43203,240000,4,2.5,Columbus,2017,3484,1920,6,119,,Pre On-Market,,,https://www.redfin.com/OH/Columbus/473-N-Ohio-Ave-43203/home/79725589,CBRMLS,226015035,N,Y,39.9757822,-82.969812
MLS Listing,,Single Family Residential,2181 Middlehurst Dr,Columbus,OH,43219,159900,3,1.0,Woodland Holt,1077,7840,1952,6,148,,Active,,,https://www.redfin.com/OH/Columbus/2181-Middlehurst-Dr-43219/home/75601696,CBRMLS,226015024,N,Y,40.0066184,-82.9505071
MLS Listing,,Single Family Residential,2446 Kitchner Dr,Columbus,OH,43207,174900,3,1.0,Walnut Springs,980,7405,1960,6,178,,Active,,,https://www.redfin.com/OH/Columbus/2446-Kitchner-Dr-43207/home/79729327,CBRMLS,226015023,N,Y,39.9151176,-82.9619185
MLS Listing,,Condo/Co-op,5746 Great Hall Ct Unit C,Columbus,OH,43231,199900,2,1.5,Sherwood Colony,1390,435,1980,6,144,349,Pre On-Market,,,https://www.redfin.com/OH/Columbus/5746-Great-Hall-Ct-43231/unit-C/home/79560310,CBRMLS,226015017,N,Y,40.088799,-82.9427348
MLS Listing,,Condo/Co-op,5911 Eiger Dr,Columbus,OH,43213,339900,3,2.0,Eastwood Villas,1800,2178,2017,6,189,375,Pre On-Market,,,https://www.redfin.com/OH/Columbus/5911-Eiger-Dr-43213/home/113809830,CBRMLS,226015016,N,Y,39.9662366,-82.8423537
MLS Listing,,Single Family Residential,982 Olmstead Ave,Columbus,OH,43201,245000,3,2.0,Columbus,1435,10890,1923,6,171,,Pre On-Market,,,https://www.redfin.com/OH/Columbus/982-Olmstead-Ave-43201/home/75624478,CBRMLS,226015014,N,Y,39.9886574,-82.9789642
MLS Listing,,Single Family Residential,3028 Hiawatha St,Columbus,OH,43224,159900,3,1.0,Linden Heights,936,4791,1949,6,171,,Active,,,https://www.redfin.com/OH/Columbus/3028-Hiawatha-St-43224/home/79592089,CBRMLS,226015009,N,Y,40.0272905,-82.985491
MLS Listing,,Single Family Residential,405 Connors Grv,Columbus,OH,43213,528500,4,2.5,Connors Grove McNaughten Grove,2832,20908,2005,6,187,97,Active,,,https://www.redfin.com/OH/Columbus/405-Connors-Grv-43213/home/79647672,CBRMLS,226015007,N,Y,39.9712995,-82.8443504
MLS Listing,,Single Family Residential,1105 Kelton Ave,Columbus,OH,43206,189900,3,1.0,Driving Park,1508,5227,1925,6,126,,Active,,,https://www.redfin.com/OH/Columbus/1105-Kelton-Ave-43206/home/79635103,CBRMLS,226015006,N,Y,39.9437206,-82.9603099
MLS Listing,,Single Family Residential,771 S Hampton Rd,Columbus,OH,43227,114900,4,1.0,Eastmoor,1142,5227,1953,6,101,,Active,,,https://www.redfin.com/OH/Columbus/771-S-Hampton-Rd-43227/home/79560404,CBRMLS,226015005,N,Y,39.9559277,-82.9112146
MLS Listing,,Single Family Residential,1795 Eastbrook Dr S,Columbus,OH,43223,174900,3,1.0,Westbrook,1261,11761,1954,6,139,,Active,,,https://www.redfin.com/OH/Columbus/1795-Eastbrook-Dr-S-43223/home/75642281,CBRMLS,226015001,N,Y,39.9201138,-83.050895
MLS Listing,,Single Family Residential,663 Racine Ave,Columbus,OH,43204,134900,3,1.0,Wilshire Heights,1056,4356,1930,6,128,,Active,,,https://www.redfin.com/OH/Columbus/663-Racine-Ave-43204/home/79524174,CBRMLS,226015000,N,Y,39.9412796,-83.0715593
MLS Listing,,Single Family Residential,538 Nashoba Ave,Columbus,OH,43223,184900,3,2.0,Hilltonia,1548,4356,1925,6,119,,Active,,,https://www.redfin.com/OH/Columbus/538-Nashoba-Ave-43223/home/100736507,CBRMLS,226014999,N,Y,39.945012,-83.0501061
MLS Listing,,Single Family Residential,551 Butler Ave,Columbus,OH,43223,149900,4,1.0,High Ridge,1054,4791,1946,6,142,,Active,,,https://www.redfin.com/OH/Columbus/551-Butler-Ave-43223/home/75660483,CBRMLS,226014998,N,Y,39.9443532,-83.0549145
MLS Listing,,Single Family Residential,4999 E Majestic Dr E,Columbus,OH,43232,174900,3,1.5,Walnut Bixby Estates,936,7840,1963,6,187,,Active,,,https://www.redfin.com/OH/Columbus/4999-Majestic-Dr-E-43232/home/75599716,CBRMLS,226014997,N,Y,39.9309241,-82.8592563
MLS Listing,,Single Family Residential,313 S Ogden Ave,Columbus,OH,43204,129900,2,1.0,Highland West,1116,3484,1920,6,116,,Active,,,https://www.redfin.com/OH/Columbus/313-S-Ogden-Ave-43204/home/79620150,CBRMLS,226014995,N,Y,39.9485562,-83.0703432
MLS Listing,,Single Family Residential,5594 Village Channel Dr,Canal Winchester,OH,43110,283100,3,2.5,Shannon Lakes Townhomes,1772,,2026,6,160,155,Active,,,https://www.redfin.com/OH/Canal-Winchester/5594-Village-Channel-Dr-43110/home/201671859,CBRMLS,226014991,N,Y,39.8929452,-82.8461638
MLS Listing,,Single Family Residential,1269 Norris Dr,Columbus,OH,43224,339000,3,2.0,Maize Manor,1316,14810,1956,6,258,,Pre On-Market,,,https://www.redfin.com/OH/Columbus/1269-Norris-Dr-43224/home/79557952,CBRMLS,226014988,N,Y,40.0437685,-82.9820346
MLS Listing,,Single Family Residential,5814 Wooden Plank Rd,Hilliard,OH,43026,360000,3,2.5,Edgewater,1729,7405,2003,6,208,24,Pre On-Market,May-9-2026 02:30 PM,May-9-2026 04:30 PM,https://www.redfin.com/OH/Hilliard/5814-Wooden-Plank-Rd-43026/home/100786966,CBRMLS,226014987,N,Y,39.9901135,-83.1639676
MLS Listing,,Single Family Residential,4945 Farview Rd,Columbus,OH,43231,480000,3,2.5,Minvera Park,1982,7405,2017,6,242,,Active,May-9-2026 01:00 PM,May-9-2026 03:00 PM,https://www.redfin.com/OH/Columbus/4945-Farview-Rd-43231/home/144065008,CBRMLS,226013185,N,Y,40.0755444,-82.9340033
MLS Listing,,Condo/Co-op,1945 Willoway Cir N,Columbus,OH,43220,225000,2,1.5,Hendereed Village,992,435,1971,6,227,277,Pre On-Market,May-9-2026 10:30 AM,May-9-2026 12:30 PM,https://www.redfin.com/OH/Columbus/1945-Willoway-Cir-N-43220/home/79639556,CBRMLS,226014985,N,Y,40.0578654,-83.070153
MLS Listing,,Single Family Residential,212 N Ogden Ave,Columbus,OH,43204,134900,3,1.0,Westgate,1109,5662,1919,6,122,,Active,,,https://www.redfin.com/OH/Columbus/212-N-Ogden-Ave-43204/home/79533999,CBRMLS,226014967,N,Y,39.9595511,-83.0709788
MLS Listing,,Single Family Residential,2470 Azelda St,Columbus,OH,43211,180000,2,1.0,Columbus,1104,4791,1928,6,163,,Active,,,https://www.redfin.com/OH/Columbus/2470-Azelda-St-43211/home/75595700,CBRMLS,226014954,N,Y,40.0154007,-82.9874442
MLS Listing,,Single Family Residential,7632 Plainfield Dr,Pickerington,OH,43147,314999,3,2.5,Pickerington,1996,7405,1992,6,158,,Active,,,https://www.redfin.com/OH/Pickerington/7632-Plainfield-Dr-43147/home/70633799,CBRMLS,226014944,N,Y,39.9211859,-82.795982
MLS Listing,,Single Family Residential,1877 Knollridge Ct,Columbus,OH,43229,364900,3,2.0,Columbus,1730,11761,1970,6,211,,Pre On-Market,,,https://www.redfin.com/OH/Columbus/1877-Knollridge-Ct-43229/home/79542752,CBRMLS,226014939,N,Y,40.0987116,-82.9660549
MLS Listing,,Single Family Residential,768 Berkeley Rd,Columbus,OH,43205,145000,3,1.5,LINEN PLC/DRIVING PARK,1208,6969,1900,6,120,,Active,,,https://www.redfin.com/OH/Columbus/768-Berkeley-Rd-43205/home/75655998,CBRMLS,226014930,N,Y,39.9510862,-82.9565443
MLS Listing,,Single Family Residential,2439 Angelfire Dr,Grove City,OH,43123,375000,3,2.5,Big Run Ridge,1716,9147,2012,6,219,20,Pre On-Market,May-9-2026 01:00 PM,May-9-2026 03:00 PM,https://www.redfin.com/OH/Grove-City/2439-Angelfire-Dr-43123/home/79728527,CBRMLS,226014924,N,Y,39.9029658,-83.1029388
MLS Listing,,Single Family Residential,885 S Front St,Columbus,OH,43206,599900,2,2.5,Columbus,1980,4356,1876,6,303,,Active,,,https://www.redfin.com/OH/Columbus/885-S-Front-St-43206/home/79597436,CBRMLS,226014919,N,Y,39.9438201,-82.9991603
MLS Listing,,Single Family Residential,5870 Coldcreek Dr,Hilliard,OH,43026,439900,4,2.5,Hilliard,2106,8276,2002,6,209,24,Active,May-9-2026 02:00 PM,May-9-2026 04:00 PM,https://www.redfin.com/OH/Hilliard/5870-Coldcreek-Dr-43026/home/79482540,CBRMLS,226014911,N,Y,39.9959873,-83.1647601
MLS Listing,,Single Family Residential,1510 Matthias Dr,Columbus,OH,43224,340000,3,2.0,Clinton Estates,1073,10890,1959,6,317,,Active,,,https://www.redfin.com/OH/Columbus/1510-Matthias-Dr-43224/home/79603841,CBRMLS,226014909,N,Y,40.0549638,-82.9775185
MLS Listing,,Single Family Residential,5085 Brush Ridge Ct,Columbus,OH,43228,299999,4,2.0,Columbus,1510,6969,1972,6,199,,Active,May-10-2026 11:00 AM,May-10-2026 01:00 PM,https://www.redfin.com/OH/Columbus/5085-Brush-Ridge-Ct-43228/home/79530471,CBRMLS,226014905,N,Y,39.93986,-83.1351331
MLS Listing,,Single Family Residential,1137 Clement Dr,Columbus,OH,43085,389900,3,2.0,Columbus,1558,9147,1984,6,250,,Active,,,https://www.redfin.com/OH/Columbus/1137-Clement-Dr-43085/home/79495050,CBRMLS,226014888,N,Y,40.1193552,-82.986663
